no,tweet,label
1,"Peristiwa menarik sudah terjadi di DPD RI. Sebetulnya apa yg jadi sasaran tembaknya? Ya, UU MD3 !
#DPDRI #UUMD3 #DPD @DPDRI",0
2,#GaduhPolitik #UUMD3 VS #GBHN akan segera muncul pasca Rakernas PDIP  | Kayak iklan rokok... Ga Gaduh Ga Rame ,0
3,Partai Pemenang Rasa Pecundang karena #UUMD3 sampai2 Mereka Lupa kalau Sang RI1 yg Selalu mereka recokin adalah kader mereka #OposisiSejati,0
4,"""@didienAZHAR: PDIP Isyaratkan Tak Restui Pelantikan Pimpinan Baru DPR RI http://news.detik.com/berita/3114231 …"" hahahaha...masih dendam ya ??? #UUMD3",0
5,"Presiden dipilih langsung oleh rakyat, lalu DPR bisa melengserkan apa yang sudah dipilih oleh rakyat?
#UUMD3 #DPR",0
6,"Emmmm.. gemana buat uum3 kegitu, tp bisa di revisi pa ngak ya...? #UUMD3",1
7,".. Akankah #UUMD3 Direvisi utk Kocok Ulang Pimpinan DPR? http://detik.id/6Fo8Rgx  | SEHARUSNYA begitu, jika #DPR mau adil & benar",1
8,"Andai SN diberhentikan dari Ketua DPR, yang gantiin juga dari Golkar....#UUMD3",1
9, ganti pimpinan DPR #UUMD3 #SaveDPR #MKDpic.twitter.com/jzaKnsjtqv,0
10,"Sidang Putusan Sanksi Setya Novanto. Lawannnnn (Akbar Faisal)
#MKD #UUMD3 #saveDPR",0
11,Ketua DPR: Kenaikan Harga Beras Medium Harus Segera Dihentikan,1
12,#LilyWahid Ajuakan Judicial Review #UUMD3 ke #MK http://dlvr.it/36VQNm ,1
13,"PDIP Mendadak Lesu, Tak Yakin Revisi UU MD3 Bisa Gol #UUMD3 http://jpnn.co/486905 ",0
14,"#body #status Dewibet Jkt -  PKB: Kalau Mau Jujur, PDIP Berhak Jadi Pimpinan… http://dlvr.it/MrRtMm  #uumd3 #surabaya #TeamK #wanita #dewipic.twitter.com/p5waCucD4N",1
15,PDIP Minta Pimpinan DPR Segera Inisiasi Revisi UU MD3 #UUMD3 http://jpnn.co/484212 ,1
16,Safari @jokowi ke berbagai elemen disadari ato tdk disadari sbnrnya krn kesalahan @PDI_Perjuangan yg tdk bs menguasai ketua @DPR_RI .#UUMD3,0
17,"wkwkwk...@DPR_RI lucu...anggota independen, hayu ganti #uumd3 @Gerindra @Fraksi_PAN @FPPP_DPRRI @FPD_DPR @kompascomhttps://twitter.com/kompascom/status/740482015078682626 …",0
18,Cc @Fahrihamzah “@hafidz_ary: pimpinan DPR bs diberhentikan dg sebab ditarik / diberhentikan oleh partainya. #UUMD3 pic.twitter.com/0xCMqSCa6A”,0
19,Ya enggak bisalah oum... QT @hafidz_ary: pimpinan DPR bs diberhentikan dg sebab ditarik atau diberhentikan oleh partainya. #UUMD3 …,1
20,"betul pimpinan DPR adalah wakil lembaga, tp dia diusulkan oleh fraksi dan bs diberhentikan oleh partai. #UUMD3 pic.twitter.com/MngnuV1aaA",1
21,3. pasal 87 ayat d sdh cukup bg partai utk memberhentikan kadernya yg jd pimpinan DPR. #UUMD3 pic.twitter.com/SdUDEOO2DN,0
22,2. pimpinan DPR bs diganti krn diberhentikan oleh partai politiknya . #UUMD3 pic.twitter.com/bZ4AAr0QJ7,0
23,"1. bakal calon pimpinan DPR diusulkan oleh fraksi , fraksi atas persetujuan partai . #UUMD3 pic.twitter.com/ggmiN1rCAw",1
24,2. Coba perhatikan tugas #PimpinanDPR..dia mewakili lembaga bukan partai. #UUMD3 pic.twitter.com/gYKlGHUiOp,1
25,RT @ronaldrofiandri: Talkshow @ Makassar TV ttg revisi #UUMD3 @zainalamochtar ; Hasrullah (dosen sospol Unhas) ; ... http://tmi.me/cIM9Y,1
26,Keren. RT @ronaldrofiandri: Menuju SoeHat Airport. Mengawali kegiatan pendidikan politik & revisi #UUMD3 dari Timur Indonesia,1
27,BK DPR hanya bs melakukan pengusutan & investigasi stelah menerima laporan publik thd pelanggaran etika angg dewan #UUMD3 #suapkemenpora,0
28,"#UUMD3 , the loser takes all, hanya ada di Indonesia.",0
29,#baleg Rapat Internal dgn para Tenaga Ahli ttg rencana usulan perubahan #UUMD3 (31 Agustus 2015) http://ht.ly/33yJwX ,1
30,#kom5 Sukur N @PDI_Perjuangan #jabar6: aspirasi menurut #UUMD3 itu legal. Dan kami apresiasi kerja sama dgn @kemenpu,1
31,"Anggto #DPR #Tersangka #Korupsi Menolak Diperiksa krn..http://tinyurl.com/ka29o7e  Krn #UUMD3, hasil karya #SBY #Demokrat #walkout Ingetkan???",0
32,Ini Alasan Mengapa UU MD3 Harus Segera Direvisi. #UUMD3 #Prolegnas #Lekslawyer #JakartaLawyer...http://fb.me/2Krt1LGKA ,1
33,@foiindonesia @fadjroeL @pusatparlemen @titianggraini @perludem »@hamdanzoelva«turut memuluskan  #UUMD3 menolak JR di MK,0
34,"""@foiindonesia: Siaran Pers Koalisi Masyarakat Sipil untuk #UUMD3 @fadjroeL @pusatparlemen @titianggraini pic.twitter.com/9PbZ7CPuHL""",1
35,Roy salam: penambahan hak Anggota DPR untuk apa? #UUMD3,0
36,Roy salam: Belum ada kesiapan anggota DPR mempertanggung jawabkan anggaran. #UUMD3,0
37,"UU MD3 Berlaku, Ketua DPR: DPR Tidak Kebal Hukum #UUMD3 #DPRRI
http://news.liputan6.com/read/3385248/uu-md3-berlaku-bamsoet-dpr-tidak-kebal-hukum …pic.twitter.com/MIIVnXofvv",0
38,"PDI Perjuangan DIY Apresiasi Upaya Uji Materi UU MD3 di MK

@PDIPDIY @kominfopdip #uumd3 #mk #mahkamahkonstitusi #ujimaterihttp://www.gesuri.id/pemerintahan/pdi-perjuangan-diy-apresiasi-upaya-uji-materi-uu-md3-di-mk-b1TvTZJs …",1
39,dengan tampilnya Ahmad Basarah dan Utut Adiyanto menunjukkan proses kaderisasi kepemimpinan Partai berjalan semakin baik dan sistemik @PDI_perjuangan #UUMD3 #MonitorNews http://m.monitor.co.id/berita/11685/pdip-tunjuk-ahmad-basarah-dan-utut-adianto-sebagai-pimpinan-mpr-dan-dpr …,1
40,"UUMD3 Bisa Digugat, Presiden Tak Perlu Terbitkan Perppu |  @IdPontas @pontas.ID https://fb.me/1GTUWKqJo ",0
41,PB PMII Gugat UU MD3 ke MK #pmii #uumd3 #mk #kilasnews http://kilasnews.co.id/2018/03/18/pb-pmi-gugat-uu-md3-ke-mk-2/ …,0
42,Ketua DPR: UU MD3 Tak Lindungi Anggota Dewan dari KPK  http://berlimanews.com/read/5850/Ketua-DPR-UU-MD3-Tak-Lindungi-Anggota-Dewan-dari-KPK … #Bamsoet #UUMD3 #KPK,1
43,"Setiap langkah dan keputusan ada resiko. Sebagai generasi zaman now, #pansusAngketKPK dan #UUMD3  membuat generasi zaman now tak simpatik dengan partai lama. Waspadalah @BPPemiluPDIP agar suara tak berpindah ke lain hati",0
44,UU NO 2/2018 MD3 Buah Amandemen UUD 1945 http://berlimanews.com/read/5841/UU-NO-22018-MD3-Buah-Amandemen-UUD-1945 … #UUMD3 #Prijanto #UUD45,1
45,Ayo belajar baca UUMD3 yg Bener.... https://twitter.com/rio_ramabaskara/status/975276309734506497 …,1
46,#TakAdaPerpu #TakAdaPemilu #Golput #MatiRasa #UUMD3 #TolakUUMD3 Mereka Bukan Wakil Rakyat Mereka Wakil Partai,0
47,Ini pasti si. ZONK... Komen gak ya. ? #UUMD3..,0
48,"uu md3 blm ada pencerahan ya prof? jgn sampai msyrkt malas memilih saat pemilu nanti, mohon dikasih pencerahan prof untuk raja dari sgala raja ini yang takut akan rakyatnya

#TakAdaPerpu #TakAdaPemilu #Golput #MatiRasa #UUMD3 #TolakUUMD3 #MerekaBukanWakilRakyat #MerekaWakilPartai",0
49,"Tak Ada Perpu, Tak Ada Pemilu, Golput, Mati Rasa #UUMD3 Tolak UUMD3 #MerekaBukanWakilRakyat #MerekaWakilPartai",0
50,"DPR bersikukuh bahwa mengkritik dan merendahkan adalah 2 hal berbeda. Seperti apa maksudnya?

#DPR #UUMD3 #Asumsihttp://bit.ly/2HCQH3h ",1
51,perlu diingat bahwa baik PDIP maupun Gerindra mendukung #UUMD3.,0
52,Presiden Jokowi tetap bersikeras untuk tidak menandatangani Revisi UUMD3 @jokowi @DPR_RI #UUMD3 #MonitorNews http://m.monitor.co.id/berita/11628/tolak-tandatangani-uu-md3-jokowi-dihujani-kritik …,1
53,"Perjuangan melalui ""Judicial Review"", perlu mendapat dukungan luas dari publik. Jadi harus disatukan antara advokasi hukum dan gerakan politik. #UUMD3 #JR #MK #JudicialReview #DPRhttps://www.bontangpost.id/read/2018/03/17/34336/dukung-judicial-review-uu-md3-mahasiswa-galang-dukungan-publik/ …",1
54,"Aneh tapi nyata, katanya partai baru visi baru
Tidak mendengarkan suara masyarakat menggugat #presidentialthreshold 
Namun meng atas namakan suara masyarakat menggugat #UUMD3
Lha presiden nya aja bingung tanda tangan...
https://twitter.com/Silvy_riau/status/974337096281292801?s=19 …",0
55,CERDAS! PENGAMAT ini BUNGKAM STAF KHUSUS DPR terkait PEMANGGILAN PAKSA bagi SIAPA yang MERENDAHKAN DPR #pasal122hurufk #uumd3 https://youtu.be/OSKh3ZoWwbY  via @YouTube,0
56,JADI ORANG YG CERDAS YA. SIAPAPUN PRESIDENNYA KLU DI INDONESIA MASIH SARANGNYA KORUPTOR. RAKYAT INDONESIA GAK BAKALAN BISA HIDUP SEJAHTERA. APALAGI KLU PRESIDENNYA PRO Dgn KORUPTOR. RAKYAT BISA TAMBAH SENGSARA,0
57,POLEM1K UU MD3 | JOKOWI disebut BALIK BADAN usai UU MD3 DISAHKAN DPR | RAKYAT MARAH BESAR #uumd3 #polemikuumd3 https://youtu.be/iNT7oiiyyT8  via @YouTube,0
58,"Semoga Rakyat tidak ditelantarkan oleh wakilnya dan mau didengar keluh kesahnya

#keluhanrakyat #rakyatindonesia #suararakyat #rakyatindonesiabersatu
#uumd3 #pilpres #pilpres2019pic.twitter.com/KAe5SGa9xk",1
59,"Walaupun ga diteken @jokowi, tinggal tunggu 30 hari.. Impor pasti berlaku sah! #UUMD3",1
60,"UUD 1945 Pasal 27 ayat 1
Segala warga negara bersamaan kedudukannya di dalam hukum...

#UUMD3 pasal 245 pemeriksaan anggota #dpr yg menghadapi kasus hukum hrs mendapat ""pertimbangan"" MKD 

lah klo MKD itu konco/makansuap si oknum dpr yg terlibat kasus gmn?https://twitter.com/AmaliaAmelCute2/status/974250692855476226 …",0
61,"#uumd3 dibikin krn #kupingtipis tdk mau dikritik rakyat

menurut #fahrihamzah klo ga #kupingtebal alias #kupingtipis jgn tinggal di Indonesia

jadi yg revisi #uumd3 jgn tinggal di Indonesia dong gmn nih @Fahrihamzahhttps://twitter.com/AmbarwatiRexy/status/973944857721892864 …",0
62,"Resmi Diterapkan, Ini Dampak Pasal Penghinaan UU MD3 #UUMD3 https://news.akurat.co/id-175781-read-resmi-diterapkan-ini-dampak-pasal-penghinaan-uu-md3 …",0
63,"Jika Serius Tolak UU MD3, Jokowi Ditantang Terbitkan Perpuu #UUMD3 #JokoWidodo >https://goo.gl/CQ5qwx ",1
64,"Jgn marah #UUMD3 disahkan, toh sblm itu pasal penghinaan presiden sudah sah dlu kan, jadi klo ada yg ngeluh demokrasi kita mnurun, come on...udah lama keleus",1
65,Jokowi dinilai tengah mainkan drama politik terkait UU MD3 #UUMD3 #Jokowi #Muhammadiyah >https://goo.gl/4Q1PZH ,0
66,Presiden Joko Widodo yang enggan menandatangani UU MD3 disebut sebagai 'drama' belaka @jokowi #UUMD3 #MonitorNews http://m.monitor.co.id/berita/11590/jokowi-dinilai-tengah-mainkan-drama-politik-terkait-uu-md3 …,0
67,"Pemerintah telah memberikan penomoran terhadap hasil revisi UU MD3 (Menkum dan HAM Yasonna H Laoly)
#uumd3
https://indopos.co.id/read/2018/03/16/131270/uu-md3-mulai-digugat-pemerintah-dituding-penipu …",1
68,Uji #UUMD3 #MD3YangMeresahkanpic.twitter.com/BaXfJ6E7rT,0
69,Sikap @jokowi yang tak mau menandatangani UU MD3 dinilai oleh Danhil Anzar sebagai bagian dari drama politik Jokowi. http://bit.ly/2GzmN0I  #Akuratco #News #UUMD3 pic.twitter.com/P7NUlAyJo3,0
70,MKD akan memastikan tidak mempersulit Presiden @DPR_RI #UUMD3 #MonitorNews http://m.monitor.co.id/berita/11583/mkd-tegaskan-uu-md3-tidak-akan-persulit-presiden …,1
71,Mhn ditindaklanjuti para penyebar hoax yg berlindung dg #uumd3 ,0
72,"yeess.. kemenangan rakyat..
anggota DPR wakil rakyat.. harus siap dikritik...
#dpr #dprantikritik oooo...tiddakk bissa...
#md3 #rakyat #menang ..
#uumd3",0
73,"Tjahjo Kumolo meminta DPR RI menerima dan mentaati putusan Mahkamah Konstitusi (MK) yang menganulir beberapa pasal kontroversial dalam UU MD3 (MPR, DPR, DPRD, dan DPD RI).

@tjahjo_kumolo @Kemendagri_RI #uumd3 #putusanmkhttps://www.gesuri.id/pemerintahan/menteri-tjahjo-minta-dpr-taati-putusan-mk-b1T1aZcJ6?utm_source=website …",1
74,"Terimakasih MK !

Permohonan uji materi UU MD3 dikabulkan MK, ini berarti DPR tidak bisa melakukan pemanggilan paksa dan juga tidak mempidanakan siapapun yang dianggap merendahkan martabat DPR.

#JudicialReview #Dpr #Mpr
#UuMd3 #Uu #Md3
#RakyatMenang #Merdekapic.twitter.com/O8THt49lcb",1
75,Sejumlah Keistimewaan DPR dalam UU MD3 Dibatalkan MK http://requisitoire-magazine.com/2018/06/29/sejumlah-keistimewaan-dpr-dalam-uu-md3-dibatalkan-mk/ … #sejumlah #keistimewaan #dpr #uumd3 #dibatalkan #mahkamahkonstitusi,1
76,"MK batalkan pasal UU MD3, anggota dewan enggan berkomentar http://nasional.kontan.co.id/news/mk-batalkan-pasal-uu-md3-anggota-dewan-enggan-berkomentar … #UUMD3",1
77,"MK batalkan UU MD3, anggota DPR yang melakukan tindak pidana dapat diganti http://nasional.kontan.co.id/news/mk-batalkan-uu-md3-anggota-dpr-yang-melakukan-tindak-pidana-dapat-diganti … #UUMD3",1
78,Uji Materi UU MD3: Putusan MK Kemenangan Rakyat atas DPR #UUMD3 http://jpnn.com/news/uji-materi-uu-md3-putusan-mk-kemenangan-rakyat-atas-dpr …,1
79,MK Batalkan Wewenang DPR Lakukan Pemanggilan Paksa  http://berlimanews.com/read/8191/MK-Batalkan-Wewenang-DPR-Lakukan-Pemanggilan-Paksa … #MahkamahKonstitusi #UUMD3,1
80,"Manusia & drama. Ada yang suka menciptakan, ada yang suka berada di dalamnya dan ada juga yang tidak sadar bahwa dia menyukainya. This welcome  .

#UUMD3
#pilkada
#daruratdemokrasi @… https://www.instagram.com/p/Bkcob4aFDL6/?utm_source=ig_twitter_share&igshid=1s938m2us1l6y …",0
81,"Akankah Ronny menjadi korban pertama UU MD3?
#KeadilanUntukRonny
#UUMD3
Celah Anggota DPR Herman Hery Lolos dari Jerat Kasus Penganiayaan https://tir.to/n/cMH2  via @TirtoID",0
82,Mahkamah Konstitusi gelar sidang lanjutan uji UU MD3 - http://elshinta.com/news/145269/2018/05/15/mahkamah-konstitusi-gelar-sidang-lanjutan-uji-uu-md3 … #UUMD3 #MK #ElshintaNewsUpdate,1
83,Mervin Optimis Produk Perda Akan Mengacu pada Kearifan Lokal https://www.jpnn.com/news/mervin-optimis-produk-perda-akan-mengacu-pada-kearifan-lokal … #DPDRI #AnggotaDPDRI #MervinSadipunKomber #UUMD3 #Fakfak lewat @jpnncom @DPDRI #DPDRI,1
84,"Soal #UUMD3, Pemerintah Tak Kalah dengan #DPR https://pontas.id/2018/05/05/soal-uu-md3-pemerintah-tak-kalah-dengan-dpr/ … lewat @IdPontas @pontas.ID",1
85,"dah dari zaman dulu kale

cm masalahnya tuh para maling alias #koruptor maling triliunan yg seharusnya sdh bisa memajukan ekonomi rakyat Indonesia 

tanya kenapa?

krn dpr tdk mau bikin uu #hukumanmati buat #koruptor

dpr malah melawan @KPK_RI dgn pansus
dpr bikin #uumd3 https://twitter.com/detikcom/status/987572188818456576 …",0
86,"Di Indonesia lagi trend pengalihan isu/mslh, mslh yg besar seakan"" hanyut dgn mslh kecil, misal dari mslh ektp, Mslh novelbaswedan _isu #LGBT _isu #PKI _mslh #uumd3 _mslh chatsex _mslh #narkoba _mslh #puisisukmawati _mslh kitab suci #Fiksi

Jadi mslh mana yg hrs dibahas?",0
87,#MK Kembali Gelar Sidang Uji #UUMD3 |  @IdPontas @pontas.IDhttps://pontas.id/2018/04/11/mk-kembali-gelar-sidang-uji-uu-md3/ …,1
88,MK Gelar Tiga Sidang Perkara Pengujian UU MD3 http://www.netralnews.com//news/hukum/read/135347/mk.gelar.tiga.sidang.perkara.pengujian.u … @MK_RI #Hukum #MK #UUMD3,1
89,MK Gelar Sidang Lanjutan Uji UU MD3 https://goo.gl/fb/C2UfpQ  #jambi #serujambi #serunesia #uumd3,1
90,Kayaknya si wakil rakyat sengaja mancing2 komentar (HATESPEECH) dari netizen utk uji #UUMD3 #dprRI,0
91,"#dpr jgn ngeluh klo masyarakat anggap tdk pantas dihormati

#uumd3 ""melindungi"" dpr berbuat hal2 melawan hukum https://twitter.com/9111_dans/status/979552906046328832 …",0
92,"#uumd3 bertentangan dengan uud45 bahwa kemerdekaan berserikat dan berkumpul, mengeluarkan pikiran dengan lisan dan tulisan dan sebagainya ditetapkan dengan undang-undang.

#uumd3 bertentangan dgn azas equality before the law alias semua orang sama di depanhukum

ahh #fahrihamzahhttps://twitter.com/tribunnews/status/979884819118153728 …",0
93,"uumd3 jd tameng dpr melakukan hal2 tdk terpuji seperti melontarkan kata bangsat

semoga langsung dpt hukuman dari atasannnya Allah Yang Mahakuasa di alam semesta inihttps://twitter.com/TheArieAir/status/979670961908629505 …",0
94,"UU MD3 Mengatur Penyanderaan, Di Mana Logika Hukum DPR? #KlikRMOL #uuMD3 http://politik.rmol.co/read/2018/03/30/333215/UU-MD3-Mengatur-Penyanderaan,-Di-Mana-Logika-Hukum-DPR-- …",0
95,"DPD RI Siapkan Aturan untuk Penambahan Satu Kursi Pimpinan 
https://www.jpnn.com/news/dpd-ri-siapkan-aturan-untuk-penambahan-satu-kursi-pimpinan … #DPDRI #penambahankursipimpinan #BadankehormatanDPDRI #MervinSadipunKomber #UUMD3 #Jakarta lewat @jpnncom @DPDRI #DPDRI",1
96,"Oh oke, mulai sekarang cita2 saya mw jadi anggota DPR aja....
@LawyersComm #Hukum #UUMD3 #HAMpic.twitter.com/rOoi9AGPoh",0
97,fahri: Magang Ke Jepang Kesempatan Emas,1
98,Kosgoro 1957 Dorong Golkar Amandemen UU MD3 #KlikRMOL #uumd3 http://politik.rmol.co/read/2018/03/29/332941/Kosgoro-1957-Dorong-Golkar-Amandemen-UU-MD3- …,1
99,"Ironisnya, quote progresif kayak gini ditweet oleh DPR yang sama sekali ga mewakili Vox Populi.
Misalnya, tanpa malu mengesahkan #UUMD3
#BumiItuJajargenjanghttps://twitter.com/DPR_RI/status/979008337478995968 …",0
100,"Menyampaikan kritik dengan sopan, pada waktu dan tempat yang tepat kan bisa dan boleh2 saja. Ga masalah harusnya untuk kedua belah pihak, kecuali memang udah kelewatan banget caranya. Tergantung masing2 pihak menyikapinya dalam konteks yang sewajarnya. #UUMD3",1
101,Agung Laksono Dorong Golkar Pelopori Amendemen UU MD3 #UUMD3 http://jpnn.com/news/agung-laksono-dorong-golkar-pelopori-amendemen-uu-md3 … #ProfAndalanPilihanKu,1
102,"Gamparin org,nyulik bini org,makan ga bayar,dll,kl hakim vonis <5 thn,meski Inkracht van gewijsde,ya ga mslh buat pimpinan DPR.
#UUMD3",0
103,"Jadi Tersangka, Novanto Sebagai Ketua DPR Tidak Mundur Merujuk UU MD3
#SetyaNovanto #KetuaDPR #UUMD3
http://www.berita168.com/jadi-tersangka-novanto-sebagai-ketua-dpr-tidak-mundur-merujuk-uu-md3/ … via @berita168",0
104,"Polri Tolak Hadirkan Miryam di Pansus, DPR Ancam Stop Anggaran KPK dan Polri

#KPK #DPR #Polri #UUMD3
http://www.berita168.com/polri-tolak-hadirkan-miryam-di-pansus-dpr-ancam-stop-anggaran-kpk-dan-polri/ … via @berita168",0
105,"KPK Minta DPR Tunjukkan Surat Keabsahan Pansus Angket

#KPK #DPR #PansusAngket #MiryamHaryani #UUMD3
http://www.berita168.com/kpk-minta-dpr-tunjukkan-surat-keabsahan-pansus-angket/ … via @berita168",1
106,"KPK Tolak Hadirkan Miryam, Pansus DPR: 3 Kali Tak Hadir, Jemput Paksa

#DPR #KPK #PansusAngket #UUMD3
http://www.berita168.com/kpk-tolak-hadirkan-miryam-pansus-dpr-3-kali-tak-hadir-jemput-paksa/ … via @berita168",0
107,"PKS Kritik Wacana Revisi UU MD3 - Wajibkan Fraksi Kirim Wakil ke Angket KPK

#PKS #UUMD3 #FraksiDPR
http://www.berita168.com/pks-kritik-wacana-revisi-uu-md3-yang-wajibkan-fraksi-kirim-wakil-ke-angket-kpk/ … via @berita168",1
108,"Aneh, DPR Terkesan Tidak Mau DPD Terlibat@DPDRI #DPDRI http://m.jpnn.com/news/aneh-dpr-terkesan-tidak-mau-dpd-terlibat … #RUUPenyelenggaraanPemilu #UuMd3 #Jakarta lewat @jpnncom",0
109,Wow! Anggota DPR Pengin Kebal Hukum #UuMd3 http://jpnn.com/news/wow-anggota-dpr-pengin-kebal-hukum …,0
110,"Termasuk undang-udang jangan direkayasa, harus dari suara rakyat #UUMD3",1
111,8) DPD : kami merasa tdk salah alamat menghadiri rapat konsultasi ini #baleg #UUMD3,1
112,7) DPD : DPD berhak ikut membahas RUU yg berkaitan dgn daerah maka punya hak yg sm dgn DPR & pemerintah #baleg #UUMD3,1
113,"2) #baleg : DPD termasuk institusi yg diatur oleh MD3, maka DPD berhak memberikan masukan #UUMD3",1
114,"semoga efektivitasnya tidak akan dipertanyakan nantinya?
#UUMD3",1
115,"Pimpinan DPR Serahkan Pembahasan Revisi UU MD3 Ke Panja - more.
https://goo.gl/GeZtqO 
#dpr #uumd3 #dpd #mpr #iblam #stihiblam #kampushukumpic.twitter.com/JhRssvk9VY",1
116,"Masa Sidang DPR Ditutup, Revisi UU MD3 Tertunda #UUMD3 http://jpnn.co/487499 ",0
117,"Gerindra Tak Keberatan UU MD3 Direvisi, tapi… http://dlvr.it/Mtcb7Y  #Nasional #kocokulangpimpinandpr #revisiuumd3 #uumd3 pic.twitter.com/bVbb88zNGE",1
118,Pemerintah Siap Kebut Revisi UU MD3 demi Penuhi Keinginan PDIP #UUmd3 http://jpnn.co/487258 ,1
119,#body #status Dewibet Jkt -  Ketua Umum PAN Perjuangan PDIP Dapatkan Kursi… http://dlvr.it/MtMt5D  #uumd3 #surabaya #TeamK #wanita #dewipic.twitter.com/bGB2QgQduU,1
120,"Pimpinan DPR Serahkan Pembahasan Revisi UU MD3 Ke Panja - more.
https://goo.gl/GeZtqO 
#dpr #uumd3 #dpd #mpr #iblam #stihiblam #kampushukumpic.twitter.com/JhRssvk9VY",1
121,"LBH Jakarta, Klien dan Paralegal unjuk rasa untuk Hapuskan Pasal 245 #UUMD3 di depan MK #kaleidoskop2014pic.twitter.com/bOHCFF4bJR",1
122,Ket MPR minta Jokowi..Redam Kgaduhn Pol http://tinyurl.com/pynqs9m  anulir mslhnya: prdk UU diakhirmasa DPR lalu yg paksa dibuat #UUMD3 #UUPilkada,0
123,@Fahrihamzah #UUMD3 #PerpuPilkada ...tdk ada yg lama klo nurani anda berpihak pada rakyat !! Lama karna yg anda pikir kepentingan klompok !,0
124,Mau mengubah satu pasal di #UUMD3 aja debatnya satu masa sidang...itu hanya soal administrasi...#PerpuPilkada,0
125,@hattarajasa sebagai produk legislasi #UUMD3 dan #UUPILKADA harusnya dijalankan sebagaimana layaknya undang-undang.,1
126,Kenapa gak ada anggota #DPR yang teriak soal REVISI #UUMD3 pasal 245 tanya kenapa???? #MIKIR,0
127,Inilah Dokumen Penandatangan Revisi #UUMD3 dengan 8 Point perubahan oleh Semua Fraksi di @DPR_RI dan #Menhukhampic.twitter.com/8AOE0FiCdh,1
128,"#KIH ""Skak Math"" #KMP, Akhirnya Sepakat dan Tandatangani #UUMD3 #Wartabuitenzorg http://goo.gl/Jb3CAv ",1
129,"Tanda Tangani Revisi #UUMD3 , Akhirnya #KIH dan #KMP islah #Wartabuitenzorg http://goo.gl/Ox6Y3I  @DPR_RI",1
130,"Hanya Jadi Peninjau, DPD Walk Out dari Rapat Revisi UU MD3 http://m.jpnn.com/news.php?id=273899 … #JPNN #UUMD3",1
131,Ini Pasal-pasal Revisi dalam UU MD3 Baru http://goo.gl/fb/9sre7h  #nasional #news #md3 #revisi #uu #uumd3,1
132,"KMP dan KIH Bersatu, Paripurna DPR Setujui RUU MD3 Baru http://m.jpnn.com/news.php?id=273895 … #JPNN #UUMD3",1
133,Revisi UU MD3 Diprediksi Bakal Berlangsung Singkat http://goo.gl/fb/e49XW9  #news #politik #md3 #uu #uumd3,1
134,@saididu kedaulatan ngra pada ketua parpol #UUMD3,1
135,DPR Bentuk Pansus Revisi UU MD3 http://goo.gl/fb/MGRHAx  #news #politik #bentuk #dpr #md3 #pansus #uu #uumd3,1
136,Pimpinan DPR: Bahas UU MD3 Ideal Tahun Depan http://goo.gl/fb/CCPmb9  #nasional #news #bahas #dpr #md3 #uu #uumd3,1
137,Kelahi RT @jpnncom: DPD Minta DPR Patuhi UU http://m.jpnn.com/news.php?id=273333 … #JPNN #UUMD3,1
138,DPD Minta DPR Patuhi UU http://m.jpnn.com/news.php?id=273333 … #JPNN #UUMD3,1
139,DPR Pastikan Revisi UU MD3 Tanpa DPD http://m.jpnn.com/news.php?id=273325 … #JPNN #UUMD3,1
140,DPD Minta Jokowi Segera Keluarkan Perppu MD3 http://m.jpnn.com/news.php?id=273323 … #JPNN #UUMD3,1
141,DPR takakan Pasang Foto.. http://tinyurl.com/omhxrok  UUMD3 parah ngaconya #BatalkanUUMD3 MK koq loloskan UU ini? #JokowiJK #KIH #KabinetKerja,0
142,Baleg: Permintaan #DPD Ubah 13 Poin #UUMD3 Jadi PR Baru DPR -> http://news.detik.com/read/2014/12/01/194100/2764570/10/baleg-permintaan-dpd-ubah-13-poin-uu-md3-jadi-pr-baru-dpr … #SenatorJakarta @fahiraidris,1
143,"Oooo.... Sampel pemilihan gubernur secara tidak langsung  tuh pakai demo

#UUMD3
#gubernurtandingan",0
144,Baleg Undang #DPD Bahas Revisi #UUMD3 Besok -> http://news.detik.com/read/2014/11/27/132403/2760923/10/baleg-undang-dpd-bahas-revisi-uu-md3-besok … #SenatorJakarta @fahiraidris,1
145,"""@jpnncom: Revisi UU MD3 Tanpa DPD Dianggap Kriminalisasi Konstitusi http://m.jpnn.com/news.php?id=272202 … #JPNN #UUMD3""",0
146,"Nggak ada lu nggak rame! | Tak Diajak Bahas Revisi UU MD3, DPD Ancam Mogok http://m.jpnn.com/news.php?id=272178 … #JPNN #UUMD3""",0
147,Besok Rencana Revisi UU MD3 Dibawa ke Paripurna DPR http://m.jpnn.com/news.php?id=271999 … #JPNN #UUMD3,1
148,"Tak Diajak Bahas UU MD3, DPD Tuding DPR Langgar UUD http://m.jpnn.com/news.php?id=271988 … #JPNN #UUMD3",0
149,"Hindari Revisi UU MD3 Bertele-Tele, DPR Pilih Tinggalkan DPD http://m.jpnn.com/news.php?id=271980 … #JPNN #UUMD3",0
150,DPR Bakal Libatkan DPD Bahas Revisi UU MD3 http://m.jpnn.com/news.php?id=271752 … #JPNN #UUMD3,1
151,"Revisi UU MD3, DPD Protes Minta Dilibatkan http://goo.gl/fb/Fzzn8Z  #regional #dilibatkan #dpd #md3 #revisi #uu #uumd3",1
152,"#UUMD3

KONTROVERSIAL

UUMD3 ADALAH HASIL REKAYASA POLITIK YANG KONTROVERSIAL DAN MENJADI SUMBER MASALAH.
SALAH... http://fb.me/6S593WpH8 ",0
153,Menkumham Usul DPD Dilibatkan Bahas UU MD3 http://goo.gl/fb/zjtEMj  #nasional #news #bahas #dpd #md3 #usul #uu #uumd3,1
154,"KPK: Kalau DPR Mau Merevisi UU MD3, Hebat! http://goo.gl/fb/V2iSj9  #regional #dpr #md3 #uu #uumd3",1
155,Revisi UU MD3 Dibatasi. #Revisi #UUMD3... http://fb.me/3qQLwzXwT ,0
156,"JANGAN ADA LAGI TANGIS KORBAN UU MD3

Frederik Radjawane menangis saat bersaksi di Mahkamah Konstitusi, Kamis 3 Mei 2018. Ia merasa jadi korban langsung dari UU MD3. Yuk, ikuti kisahnya di video ini, Bro dan Sis...

#PSI #PSINomor11 #TolakUUMD3 #SamaSamapic.twitter.com/4i4fVmgTti",0
157,"Balikin oh balikin
Hak kami untuk berdemokrasi
#TolakUUMD3 #RakyatMenggugat",0
158,"Berikut penjelasan singkat mengapa @DPP_PPP  Konsisten Bersama Rakyat tolak UU MD3
1.Sebagai bukti konsistensi & keberpihakan nyata PPP trhdp gelombang penolakan masyarakat terhadap perubahan UU MD3, PPP tdk hadir dlm pelantikan tambahan Pimpinan MPR siang hari ini. 
#TolakUUMD3",0
159,"3.(2) Pasal 122, kemungkinan pemidanaan masyarakat yang mengkritik DPR dan Anggota DPR; 
#TolakUUMD3",0
160,Berikut link Petisi #TolakUUMD3,0
161,"Yang begini mesti diviralkan,biar ga mesti bungkam ama UU md3 #saveIndonesia #tolakUUMD3 https://twitter.com/aprilialin/status/979364723857571841 …",0
162,"Salam pergerakan
#tolaknyia
tolak uumd3
https://rengnge.wordpress.com/2018/04/05/mencari-ibu-ku-yang-diam/ …",0
163,"Aksi Kamisan Makassar KEMBALI menggelar aksi solidaritas 

""Tolak UU MD3 & RKUHP""
 
Kamis, 5 April 2018
15.00-17.00 Wita 
Di depan Monumen Mandala, Makassar

#AksiKamisanMakassar
#JoinForces
#RelawanKomite
#MariBersama
#BersatuBersamaBerlawan
#KebebasanBerekspresi
#TolakUUMD3 pic.twitter.com/PC5RCX7u1Q",0
164,Dan segera diikuti masyarakat lebih luas #TolakUUMD3 https://twitter.com/cecdepok/status/980140230257803264 …,0
165, Tolak UUMD3,0
166,ini akibat UU MD3... mereka bisa semena - mena... #TolakUUMD3,0
167, : Tolak UUMD3,0
168,Bang @AntoniRaja mohon lindungi kami rakyat keluarga besar KEMENTERIAN AGAMA yg dihina oleh oknum anggota DPR. #TolakUUMD3,0
169,Mbak @NajwaShihab mohon angkat  di @MataNajwa ttg Oknum Anggota DPR hina keluarga besar KEMENTERIAN AGAMA dgn kata Bangsat. #TolakUUMD3,0
170,Pak @karniilyas mohon di angkat di @ILC_tvOnenews tema : Oknum Anggota DPR hina keluarga besar KEMENTERIAN AGAMA. #TolakUUMD3 @tvOneNews ,0
171,Ini akibat UU MD3... Mereka jadi semena2... #TolakUUMD3 #LaporkanArteriaDahlan,0
172,"Setuju,
Saya pribadipun tetap akan menolak UU MD3

#TolakUUMD3
#Romahurmuziy
#PPPJateng7https://twitter.com/MRomahurmuziy/status/979135008475512834 …",0
173,"partai nyata yang bergerak bersama rakyat, memperjuangkan aspirasi rakyat, membangun persatuan dan kesatuan bangsa ini, bangga dg ketum ny @MRomahurmuziy #TolakUUMD3 #Romahurmuziy #PPP10Sempurna",0
174,#TOLAKUUMD3 tolak keras biar ngga laku ,0
175,"Membahas yg sedang panas #uumd3
Sudah lupakah kalian (DPR) bahwasanya kalian duduk di kursi empuk dalam ruangan sejuk tp kalian(DPR) sok bertanduk, jabatan kalian itu amanah rakyat tp kalian berkelakuan seperti bangsat!
#tolakuumd3#bubarkandpr",0
176,"Dari rakyat? Oleh rakyat? Untuk rakyat? 
Sumber: Majalah Tempo edisi pekan ini 
#TolakUUMD3 pic.twitter.com/u3e979Squb",0
177,"dan kini telah resmi menjadi UU. Sahabat, kerja kita tidak boleh berhenti. Kamu harus terus suarakan dukunganmu. Bantu kami untuk terus bergerak, karena aksi kamu sangat berarti. 
•
Dukung ICW melalui donasi publik,bantu sebar petisinya. (klik link pada bio) 
#TolakUUMD3 pic.twitter.com/kA8fNdFNCb",0
178,"masih belum ada kabar baik terkait masalah uu md3?

#TakAdaPerpu #TakAdaPemilu #Golput #MatiRasa #UUMD3 #TolakUUMD3 #MerekaBukanWakilRakyat #MerekaWakilPartai",0
179,"Perlu diketahui Pak Presiden #Jokowi bahwa kami di daerah, serentak sudah menyepakati penolakan UU MD3. 
#tolakuumd3 #pmii #untuknegripic.twitter.com/enhcgQy0tp",0
180,"Penolakan dan aksi ada dimana-mana... Yang Mulia tau kan???
#TOLAKUUMD3
#dprngapayakhttps://twitter.com/DPR_RI/status/966508053083254784 …",0
181,"Ngapain milih anggota DPR , kalo yg ternyata ngewakilin kita di kantor maha megah itu gaboleh dikritik?? #TOLAKUUMD3",0
182,"Selamat pagi. Pagi ini jalanan Jakarta dan Depok begitu nyaman krn lancar. Semoga weekend ini semua lancar dan nyaman ya gaess.

Mo kasi tau aja, kalo saya tetap #TolakHTI dan #TolakUUMD3",0
183,"Saya ingin mendengarkan pendapat kiai @UstdzTengku , @felixsiauw, @Intel_FPI, @GNPF_MUI @GAHMI_INDONESIA,
@KahmiNasional @KitaAlumni212 ; soal  UU MD3? 
Sedangkan Syariat Islam dan Pancasila mengusung keadilan warga di mata Hukum tanpa membedakan jabatan fungsional.
#TolakUUMD3",0
184,"Ini jariku,mana jarimu...
#TolakUUMD3 kontras http://instagram.com/p/uDQU2xgejA/ ",0
185,"Demokrasi ini sudah mengorbankan banyak kawan2 #Trisakti
#TolakUUMD3 http://instagram.com/p/uCM9TxAenY/ ",0
186,Masyarakat Sipil Tolak Bali Democracy Forum #TolakUUPILKADA #TolakUUMD3 @ibehnababan@haloBali@semiaji_w@PartaiSocmed  pic.twitter.com/JtPBiomkMg,0
187,UU MD3 dan UU pilkada tdk langsung merupakan bentuk pemberangusan hak konstitusi rakyat! #TolakUUMD3&UUPilkadaTidakLangsung,0
188,@hamdanzoelva pak! Saya #tolakUUmd3 #TolakRUUPilkada ! tolak koalisi merah yg katanya putih.,0
189,PENOLAKAN PEMILIHAN TIDAK LANGSUNG !!!! #TolakUUMD3 [pic] — https://path.com/p/2HtC3S ,0
190,Kita sebagai rakyat jangan mau uang miliyaran sogokan pilkada hanya jatuh ketangan anggota DPRD. Keenakan mereka. #tolakUUMD3,0
191,"@GregoriusAngger @ChangeOrg_ID beli kucing dalam karung woy,, #tolakUUMD3 dan RUU Pilkada",0
192,"Saya tidak mendukung pemilihan gubernur, wakil gubernur lewat DPRD #saveahok #tolakUUMD3",0
193,Jangan di biarkan #TolakUUMD3,0
194,"Ingin jadi pejabat bersih, ya jangan korupsi. Bukan menghalangi kerja lembaga korupsi #tolakUUMD3",0
195,Cara Mudah Ikut Petisi Tolak UU 'DPR Kebal Hukum' - Kontan Online http://www.google.com/url?q=http://nasional.kontan.co.id/news/cara-mudah-ikut-petisi-tolak-uu-dpr-kebal-hukum&sa=U&ei=yU4MVJ22OtGLuASnyYHoCg&ved=0CBQQFjAD&usg=AFQjCNG3GNUPZKFoQSUY0674rt-bHO4p7g … #TolakUUMD3 krn akan merugikan masyarakat.,0
196,Selama ini Rakyat di beri kebebasan memilih kpla daerah tap ttap aja ribut@NettaGrace @PrabowoSub_Info #tolakUUMD3 #SelamatkanIndonesia,0
197,"Sbg rkyt Indonesia,sy krg sependapat dgn pengesahan UU MD3 dr DPR. Salah satu pasal yg krusial ad/ ps. 122 huruf k. Ps ini sgt rentan disalahgunakan oleh DPR  & bs menciptakan lembaga superbody yg kebal hukum.Ironisnya berpotensi membungkam demokrasi Indonesia.  #HasilRevisiUUMD3",0
198,"Kehormatan datang dari sikap dan tingkah laku...tidak bisa di paksakan

#UUMD3 #ripdemokrasi #hasilrevisiuumd3",1
199,Gak bisa dong itu menjadi perlindungan bagi anggota DPR yang terlibat tindak pidana #HasilRevisiUUMD3 #UUMD3 #WakilRakyat,0
200,Kewenangan DPR jangan di salah gunakan. DPR harus menciptakan UU yang adil #HasilRevisiUUMD3 #WakilRakyat #UUMD3,1
201,#HasilRevisiUUMD3 dianggap sebagai pengkhianatan terhadap aturan tata negara di Indonesia.,0
202,kewenangan legislasi yang dimiliki DPR harus dimanfaatkan untuk menghasilkan suatu undang-undang yang adil. #HasilRevisiUUMD3 #BekerjaUntukRakyat #BekerjaUntukNegarapic.twitter.com/WTLlqtF1g4,1
203,#HasilRevisiUUMD3 bukan justru menciptakan mekanisme perlindungan bagi tindak kejahatan yang dilakukan oleh legislator #WakilRakyat #UUMD3pic.twitter.com/i7xjOipEVV,1
204,#HasilRevisiUUMD3 berusaha mengesahkan cara-cara defensif dan protektif bagi anggota DPR ketika berhadapan dengan hukum #UUMD3 #WakilRakyat,0
205,#HasilRevisiUUMD3 menjadikan kewenangan DPR paling superior dibandingkan lembaga eksekutif maupun yudikatif #BekerjaUntukRakyat #BekerjaUntukNegarapic.twitter.com/Thtt0YfNSK,0
206,penyidikan pada anggota DPR harus melalui izin tertulis presiden dan pertimbangan Mahkamah Kehormatan Dewan (MKD) #HasilRevisiUUMD3 pic.twitter.com/U9XF9wQhVi,1
207,Coba di evaluasi lagi dan di kaji ulang terkait #HasilRevisiUUMD3 #UUMD3 #DPR,1
208,#HasilRevisiUUMD3 sekaligus mengambil peran sebagai lembaga yang berwenang dalam memanggil paksa seseorang dalam dua pasal di UU MD3 tersebut. #WakilRakyat #BekerjaUntukRakyat,0
209,#HasilRevisiUUMD3 untuk melindungi diri anggota DPR yg tersandung tindak pidana di masa yang akan datang #WakilRakyat #BekerjaUntukRakyat,0
210,kedua pasal itu mengindikasikan DPR sedang berproses menjadi lembaga yang memiliki kewenangan paling superior #HasilRevisiUUMD3 #WakilRakyat #UUMD3,0
211,#HasilRevisiUUMD3 perlu dilakukan evaluasi dan kajian yang mendalam #UUMD3 #WakilRakyatpic.twitter.com/hBU8tdPHIn,1
212,#HasilRevisiUUMD3 DPR sendiri hanya memiliki kewenangan di bidang legislatif sebatas fungsi penganggaran. pengawasan dan legislasi. #WakilRakyat #BekerjaUntukRakyatpic.twitter.com/mh2YnlhHf2,1
213,#HasilRevisiUUMD3 harusnya kewenangan itu hanya dimiliki oleh aparat penegak hukum #BekerjaUntukRakyat #BekerjaUntukNegarapic.twitter.com/s9uMmmD8aI,0
214,#HasilRevisiUUMD3 DPR kalau mereka mau manggil orang dengan tangan kepolisian. namanya mereka sudah jadi penegak hukum. enggak usah jadi lembaga legislatif lagi #WakilRakyat #UUMD3pic.twitter.com/mh2YnlhHf2,0
215,DPR sebut peran DPD akan diatur dalam revisi UU MD 3 #HasilRevisiUUMD3 #WakilRakyat #BekerjaUntukRakyatpic.twitter.com/hBU8tdPHIn,1
216,Nah apalagi pasal 345 UU MD 3 ini berpotensi melanggar konstitusi #HasilRevisiUUMD3 #UUMD3 #DPRpic.twitter.com/mh2YnlhHf2,0
217,#HasilRevisiUUMD3 ofensif dan represif untuk memanggil paksa seseorang #UUMD3 #WakilRakyatpic.twitter.com/Y5Xl2sVmX2,0
218,DPR harus adil. yang salah ya salah yang benar ya benar #HasilRevisiUUMD3 #UUMD3 #WakilRakyatpic.twitter.com/Thtt0YfNSK,0
219,Gak bisa begitu. #HasilRevisiUUMD3 malah memberikan kewenangan DPR paling superior dibanding lembaga eksekutif dan yudikatif #WakilRakyat #BekerjaUntukRakyatpic.twitter.com/s9uMmmD8aI,0
220,#HasilRevisiUUMD3 seharusnya kita sebagai warga negara yang baik dan punya permasalahan hukum harus wajib datang #UUMD3 #WakilRakyatpic.twitter.com/WTLlqtF1g4,1
221,#HasilRevisiUUMD3 jangan menjadi payung perlindungan bagi anggota DPR yg melakukan tindak pidana,0
222,#HasilRevisiUUMD3 DPR tidak punya fungsi yuridis bisa manggil orang. itu menyalahi aturan ketatanegaraan #UUMD3 #WakilRakyat,0
223,#HasilRevisiUUMD3 yang melibatkan pertimbangan MKD sebagai syarat pemeriksaan hukum terkait tindak pidana anggota DPR #WakilRakyat #BekerjaUntukRakyatpic.twitter.com/FavM7rxDdM,1
224,"Tampilan sederhana,ramah dan selalu tersenyum. Itulah sosok Drs. FADHOLI anggota DPR RI dari Fraksi Partai NasDem periode 2014-2019. Wakil rakyat dari daerah pemilihan (#Kendal, #SEMARANG,#UNGARAN,#SALATIGA)",1
225,Kewenangan DPR jangan jusru menciptakan mekanisme perlindungan bagi tindak kejahatan yg dilakukan legislator dong #HasilRevisiUUMD3 #UUMD3 #DPRpic.twitter.com/U9XF9wQhVi,0
226,mekanisme pengawasan dan evaluasinya akan diturunkan dalam Tata tertib DPD #HasilRevisiUUMD3 pic.twitter.com/zp1UQ4DU7T,1
227,Coba di evaluasi lagi dan di kaji ulang terkait #HasilRevisiUUMD3 pic.twitter.com/U9XF9wQhVi,1
228,#HasilRevisiUUMD3 berpotensi melanggar konstitusi #UUMD3 #DPRpic.twitter.com/kpdTbb4zlE,0
229,#HasilRevisiUUMD3 DPR sendiri hanya memiliki kewenangan di bidang legislatif sebatas fungsi penganggaran. pengawasan dan legislasi. #WakilRakyat #UUMD3pic.twitter.com/lljFHmZwzo,1
230,"Kinerja Berbagai Kumunitas sudah Menyamai Visi dan Misi DPR? 
DPR masih sih sibuk???
#DPROGAHDIKRITIK",0
231,@NajwaShihab #DPROGAHDIKRITIK selalu menarik untuk diperbincangkan. pic.twitter.com/Z7GOuD1Df4,0
232,"artis daia di tv mulu, kangen ngiklan n, #daia #DPROGAHDIKRITIK",0
233,"DPR & Kritikan, serta KPK jg dbahas, knp ketika bahas DPR selalu tdk lepas dri bahasan Korupsi?Apa mngkin mslh kesejahteraan?bagaimana dgn #rakyat yg blm sejahtera???
#MataNajwaonStageMalang #MataNajwaonStage #DPROGAHDIKRITIK #KPK #namamutakharum #rakyatkuasapic.twitter.com/HUgWUjv9ic",0
234,"#Politik #DPROGAHDIKRITIK #indonesia #nyindir  budayakan memakai otak untuk berfikir, jangan hanya nafsu yang digunakan. proses akan lebih berarti dari pada hasil namun cara mendapatkannya secara instan. salam #perubahan #pakaiotakpic.twitter.com/wwi4lel1fl",0
235,Gak tertib banget diskusinya krn penjelasan mas @saidiman dipotong bertubi tubi. Si pemotong omongan itu bilang Pasal 122 tujuannya utk memberikan wewenang kpd MKD utk mewakili DPR. Jadi wakil rakyat mau diwakili lagi? Perwakilan berlapis?#DPROGAHDIKRITIK https://twitter.com/saidiman/status/964321618326466560 …,0
236,Pasal Karet yang kembali menegaskan bahwa Dewan yang terhormat masih belum memihak kepada kami yang menghormati (rakyat).. so kemana RUU Prolegnas yang lebih penting substansinya? #UUMD3 #DPROGAHDIKRITIK,0
237,"DPR bisa mengkritik bahkan nyinyir, nah giliran mau di kritik rakyatnya kok cari perlindungan menggunakan hak imunitas dg mengegolkan UU MD3 sungguh sangat disayangkan yg gaji rakyat tak mau di kritik #DPROgahDikritik",0
238,"#DPROgahDikritik, tdk setuju UUMD3 tentang Pengritik DPR bisa dipidana. DPR itu kerjaan terbanyak cuma mengritik Pemerintah. Lha kalau Pengritik ogah dikritik, bubarkan saja. Pemilu 2019 Rakyat tdk usah pilih DPR-D, cukup pilih DPD saja. Hemat APBN Triliunan & kurangi Korupsi.",0
239,Sukanya mengkritik tp gamau dikritik. Yekan? #DPROgahDikritik,0
240,Sedikit argumen untuk melawan sikap anti-kritik DPR. Siapa tahu ada gunanya. #DPROGAHDIKRITIK pic.twitter.com/KkpMX7QeEF,0
241,"Tunjukan prilaku tehormat , tidak perlu buat aturan2 untuk minta dihormati #mirisdpr #DPROGAHDIKRITIK #DPRtaik",0
242,"Kalo persepsi / pemaknaan saya sih ""HATI-HATI MENGKRITIK KAMI"" 

#UUMD3 #DPROGAHDIKRITIK pic.twitter.com/XD6VusUW8f",0
243,Terima kasih kepada @Feliciano_FH @Iwan9S10A @satriohendri @WahyuMuryadi dan Johnny G. Plate atas diskusi #DPROgahDikritik hari ini. Saksikan terus Kata Netizen setiap Kamis pukul 22:00 WIB hanya di @KompasTVpic.twitter.com/BfoE8oTzt2,0
244,#DPROGAHDIKRITIK jgn pilih mereka di di pemilihan di thn depan titik.,0
245,Saya sangat tdk setuju dg UUMD3 DPR #DPROgahDikritik,0
246,#DPROGAHDIKRITIK gamau dikritik? Kepercayaan rakyat kepada pemerintahan semakin memudar!,0
247,"Pekerjaan yg paling enak itu jadi wakil rakyat cuma membuat UU di lindungi UU, gooksss bgt dah @Kata_Netizen #DPROgahDikritik.
#AKTIVIS",0
248,"apakah masihh pantas dibillang dewan terhormat.hedehhh
#DPROGAHDIKRITIK",0
249,Kalo kerjanya bagus kok takut dikritik? Jangan pilih lagi wakil rakyat yg tidak mau dikritik. Wakil aja kok belagu? #DPROgahDikritik,0
250,hey bung yg di sana..anda bukan dewa atau pahlawan super yg tdk bisa dikritik..apa takut kl di kritik ketahuan belangnya...he..he..kl tersinggung ya monggo saja..#DPROGAHDIKRITIK,0
251,"@Kata_Netizen kritikan itu baik & penghinaan bisa baik bisa juga tdk bergantung dri sikap & perilakunya, jadi sehrsnya anggota dewan menerima kritikan agar menunjukkan kinerja yg baik dll, sehingga masyarakat akn merespon berbeda jika kinerja baik & tdk korupsi #DPROGAHDIKRITIK",0
252,"Bedanya kritik dengan penghinaan sebenernya didefinisikan seperti apa?
Karena generasi saat ini masih abu2 untuk menetukan bedanya kritik dengan penghinaan. Mungkin kopikers ada yang bisa bantu jawab? #DPROGAHDIKRITIK #katanetizen @KompasTV",1
253,"#DPROGAHDIKRITIK Kalau gak mau dikritik kembalikan mandat dari rakyat, keluar dari anggt DPR",0
254,"@DPR_RI masih butuh kritik, nyatanya di kritik rakyat aja gak pernah di denger, buat apa ""Percuma"" @Kata_Netizen #DPROgahDikritik.
#AKTIVIS",0
255,"#DPROGAHDIKRITIK kl gak dicabut lebih baik boikot pileg, buat apa memilih orang yg gak mau dikritik #kompastv",0
256,@KompasTV @KataNetizen sesuai sila pertama *hanya TUHAN yang tidak boleh dikritik* #DPROGAHDIKRITIK,0
257,"@DPR_RI itu lembaga ""TERBAIK"" jgn di ""KRITIK"" apalagi di ""USIK"", mreka orang2 ""PINTAR"" jgn di lawan @Kata_Netizen #DPROgahDikritik.
#AKTIVIS",0
258,"#DPROgahDikritik
nggak usah digugat di MK....kita biarkan saja sampai nanti hancur negara ini....maka saat itu semua orang yg ikut dalam sidang pengesahan UU MD3 kita masukkan penjara semua",0
259,"#DPROGAHDIKRITIK emangnya ada yang bisa di kritik ?
Emang nya punya telinga tiap swara rakyat aja g tahu di dengar 
Welcome back rezim DPR @KompasTV",0
260,"DPR_RI mau jadi tirani mirip2 jaman orba..
Entahlah jadi apa negeri ini? Duet 2F memang maut..
#DPROgahDikritik
#kompastv
#katanetizen",0
261,Kalau gak mau dikritik mending jangan jadi wakil rakyat #DPROgahDikritik,0
262,"Tidak lah min, itu seperti UU perlindungan nya mereka. #DPROgahDikritik",0
263,"Menurut Prof @mohmahfudmd  baiknya Pak Presiden TTD dulu, setelah itu besoknya langsung keluarin PERPU untuk pencabutan UU MD3. Salam #BubarkanDPR",0
264,@DPR_RI  semakin jahat buat bangsa lewat UU MD3 @jokowi sebaiknya bubarkan @DPR_RI  susun yg baru #bubarkandpr,0
265,"2 tahun baru mau rampung....UU MD3 cepet kelar.
#BubarkanDPR #TerorismeBukanIslam #terorismedsos #KamiTidakTakut",0
266,Pantes anggota dewan gk ada yg hidup enak dihari tua. Karen banyak yg ngedoain dan melaknat anggota dpr pada masa kerjanya #tobat #UUMD3 #BUBARKANDPR,0
267,UUMD3 berati pers maupun media gk boleh dong menulis berita yg jelek tntg DPR... #konyol #UUMD3 #bubarkanDpr,0
268,#BubarkanDPR #BubarkanDPR #BubarkanDPR #BubarkanDPR #UUMD3 #BubarkanDPR #BubarkanDPR  dpr gk boleh dikritik. Asuuuuuukabeh,0
269,Kalau UU MD3 berlaku bagusan DPR dibubarkan aja buat apa ada kalo gak bisa dikritik!! #BubarkanDPR,0
270,Sekali lagi #kartumerahDPR,0
271,DPR seharusnya prnjaga gawang demokrasi #kartumerahDPR,0
272,"Atas pengesahan UUMD3 yg merontokkan demokrasi,  mari beri #kartumerahDPR",0
273,Kartu merah besar u DPR... #kartumerahDPR,0
274,"semoga jadi kenyataan yak..
#KartuMerahDPR #KartuMerahFadliZon dkk.
 @wijaya_sugeng @Takviri @P3nj3l4j4hhttps://twitter.com/RadioElshinta/status/963324630596444161 ?",0
275,Dan dengan senangnya kami akan terus menghina wakil seperti @fadlizon semakin banyak anda berbicara semakin tampak kebodohan bapak #Salam2PeriodeJokowi #kartumerahdpr #barisanparacebong,0
276,"Klo Pakde Jokowi dapet kartu kuning, seharusnya DPR sudah diskors karna berulang x dpet kartu merah #KartuMerahDPR",0
277,Kartu merah untuk DPR #kartuMerahDPR,0
278,"#kartumerahDPR
semoga tidah terpilih lagi",0
279,"Seharusnya kami, masyarakat yang memberi kartu merah untuk kinerja mereka semua di DPR, mereka bukan mewakilkan rakyat Indonesia diparlemen di2019 #KartuMerahDPR !",0
280,"Wakil Ketua DPR RI Taufik Kurniawan : “Jangan Tangani Ustadz Cepat, Joshua Lambat” https://www.wartamuslimin.com/nasional/1325/wakil-ketua-dpr-ri-taufik-kurniawan-jangan-tangani-ustadz-cepat-joshua-lambat … #WakilKetuaDPRRI #TaufikKurniawan #DPRRI #UZMA #UAS @tkurniawan_",0
281,Selamat kepada Bapak @bambangsoesatyo atas dilantiknya sebagai Ketua #DPRRI. Semoga senantiasa diberi kekuatan & rahmat Allah SWT dalam menjalankan amanah ini dgn baik ... Amiin @Mensobsession @Group_Obsession @womensobsession @obsessionewspic.twitter.com/7doREfrMdf,1
282,Ketua DPR: Hubungan DPR-KPK Harus Harmonis. #DPRRI #KetuaDPRRI #BambangSoesatyo #Kpk #Jakarta http://bit.ly/2B826og ,1
283,Komisi II Dan Mendagri Rapat Verifikasi Parpol #DPRRI http://www.rmolkalbar.com/read/2018/01/16/1411/Komisi-II-Dan-Mendagri-Rapat-Verifikasi-Parpol- …,1
284,Zulkifli Hasan Minta Bambang Benahi Kinerja DPR. #MPRRI #DPR/MPR #KetuaMPR #DPRRI #KetuaDPRRI #Jakarta http://bit.ly/2Devnn0 ,1
285,"Yayasan nurani indonesia DPR RI Darmadi durianto mengucapkan kepada toko EURO buka toko baru,semoga sukses maju jaya,tanah abang tgl 16 januari 2018.                    #DPRRI #darmadiduriantopic.twitter.com/ala3FoUfu2",1
286,#DPDRI @DPDRI Politisi Senior PDIP Sabam Sirait Jadi Anggota DPD RI http://bit.ly/2B4e8Pq  #nusabali #berita #PDIP #DPRRI #Poitisi #SabamSirait,1
287,Setnov berharap Bambang Soesatyo jadikan DPR berwibawa. #SetyaNovanto #Golkar #PartaiGolkar #DPRRI #KetuaDPRRI http://bit.ly/2AZQS5b ,1
288,"Hari ini tanggal 15 Januari 2018 Bambang soesatyo akan dilantik sebagai Ketia DPR RI menggantkan Setya Novanto
#Politikbaik #DPRRI pic.twitter.com/OgXGlJuK0X",1
289,Golkar Umumkan Ketua DPR Setelah Revisi UU MD3 http://bit.ly/2CZ29sf   #Golkar #AnggotaDewan #berita #nusabali #WakilRakyat #Golkar #DPRRI http://dlvr.it/Q9bhP3 pic.twitter.com/kS8nUz5P2Y,1
290,"“Dan hendaklah kamu berbuat baik kepada ibu bapakmu dan kaum kerabat dan anak-anak yatim.” (QS An Nisaa,4:127)

Doa kami selalu tercurah untukmu anak-anakku semua 
#HEW #hartantoedhiewibowo #anggota #dpr #dprri #FPDDPRRI #PartaiDemokrat #DemokratPeduli #anakyatim #Demokratpic.twitter.com/YaIhmZvMi9",1
291,"Dirgahayu #45TahunPDIPerjuangan 
Berjuang untuk kesejahterahan Rakyat

#DarmadiDurianto #DPRRI… https://www.instagram.com/p/BdtkrxgHK-A/ ",1
292,GOLKAR: Pengganti Setnov Tunggu Hasil Revisi UU MD3. #Golkar #DPRRI #SetyaNovanto #Jakarta http://bit.ly/2CVjguK ,1
293,DPR: Golkar Belum Ajukan Nama Pengganti Novanto. #DPRRI #KetuaDPRRI #KetuaUmumGolkar #SetyaNovanto #PartaiGolkar http://bit.ly/2AFrDou ,1
294,"Bersama PDI Perjuangan Berjuang Untuk Kesejahteraan Rakyat
.
.
.
#juliaribatubara
#PDIPerjuangan
#DPRRI
#komisiVI #BKSAP #Jateng1pic.twitter.com/cLszHaraOl",1
295,"Hebat,,
merasa paling benar tapi tidak berkaca, dan lupa bahwa ada kesamaan, 
Harus nya seorang #DPRRI berpesan yang baik demi kedamaian, bukan memprofokasi situasi bangsa dan agama",0
296,"Illiza Sa'aduddin Djamal calon DPR-RI  untuk Aceh 1; Pijay, Pidie, B. Aceh, Aceh Besar, Sabang, A. Jaya, Aceh Barat, Simeulue, Abdya, A. Selatan, Singkil, Subulussalam, A. Tenggara dan Gayo Lues InsyaAllah beliau naik melalui Partai PPP
@IllizaSdjamal #DPRRI #Aceh #PPP #Indonesiapic.twitter.com/5IbOjA4YID",1
297,Kualitas E-KTP hasil korupsi ya gini ini  #mendagri #dprri #ektp #ktp #indonesiaraya #ruangpublik #KPK #citizenjournalismpic.twitter.com/B61PjPMoOS,0
298,Saya tidak habis pikir kenapa pak Djarot ke SUMUT. Dan lebih tak mengerti lagi kenapa wakil rakyat dapil SUMUT yg duduk di #DPRRI dari fraksi #PDIP tidak aa yang bersuara. Apakah kalian tidak ada yang berani pulang benahi kampung halaman? #pilkadasumut,0
299,"Perebutan Kursi Kosong Setya Novanto di DPR https://law-justice.co/perebutan-kursi-kosong-setya-novanto-di-dpr.html …
@lawjusticeco @DPR_RI #berita #news #indonesia #DPRRI #SetyaNovanto",1
300,Rencana Penambahan Kursi Pimpinan DPR Harus Dimatangkan Kembali https://goo.gl/fb/Qhmcqc  #nasional #dprri #jakarta,1
301,P3S Gelar Bazar untuk Penggalangan Dana http://requisitoire-magazine.com/2018/01/03/p3s-gelar-bazar-untuk-penggalangan-dana/ … #p3s #persatuan #pensiunan #pegawai #sekretariat #jendral #dprri #gelar #bazar #murah #untuk #penggalangan #dana,1
302,Selamat kepada Bapak @bambangsoesatyo atas dilantiknya sebagai Ketua #DPRRI. Semoga senantiasa diberi kekuatan & rahmat Allah SWT dalam menjalankan amanah ini dgn baik ... Amiin @Mensobsession @Group_Obsession @womensobsession @obsessionewspic.twitter.com/7doREfrMdf,1
303,"Pantun Ketua DPR RI, Bambang Soesatyo saat memberi pidato pelantikannya, 15 Januari 2018 @bambangsoesatyo #ketuadpr #dprri #bambangsoesatyo #bamsoet #pantun #pidatopelantikan #indonesiamaju #partaigolkar #GolkarPedia #GolkarSahabatRakyat #GolkarBersih #GolkarBangkitpic.twitter.com/EJptAAVxSz",1
304,"""Kalau dari sisi pengalaman dan penguasaan masalah tentu Pak Bambang Soesatyo bisa dibilang sudah sangat mumpuni untuk memimpin DPR,” Wakil Ketua DPR, Fahri Hamzah

#wakilketuadpr #fahrihamzah #kammi #bambangsoesatyo #bamsoet #ketuadpr #golkar #mumpuni #dprri #golkarpediapic.twitter.com/MQphB2Rzf2",1
305,Ketua DPR: Hubungan DPR-KPK Harus Harmonis. #DPRRI #KetuaDPRRI #BambangSoesatyo #Kpk #Jakarta http://bit.ly/2B826og ,1
306,Komisi II Dan Mendagri Rapat Verifikasi Parpol #DPRRI http://www.rmolkalbar.com/read/2018/01/16/1411/Komisi-II-Dan-Mendagri-Rapat-Verifikasi-Parpol- …,1
307,Zulkifli Hasan Minta Bambang Benahi Kinerja DPR. #MPRRI #DPR/MPR #KetuaMPR #DPRRI #KetuaDPRRI #Jakarta http://bit.ly/2Devnn0 ,0
308,#DPDRI @DPDRI Politisi Senior PDIP Sabam Sirait Jadi Anggota DPD RI http://bit.ly/2B4e8Pq  #nusabali #berita #PDIP #DPRRI #Poitisi #SabamSirait,1
309,"Selamat atas Pelantikan Bapak Bambang Soesatyo sebagai Ketua DPR RI periode 2018-2019.

Semoga mampu membawa DPR RI menjadi lembaga yang lebih baik, produktif dan memulihkan citra DPR RI serta menjaga hubungan lebih baik dengan eksekutif.

#DPRRI #KetuaDPRBaru #Akuratcopic.twitter.com/HhVOXLbOYO",1
310,"Hari ini tanggal 15 Januari 2018 Bambang soesatyo akan dilantik sebagai Ketia DPR RI menggantkan Setya Novanto
#Politikbaik #DPRRI pic.twitter.com/OgXGlJuK0X",1
311,"Miliki #LHKPN Fantastis, Jamaluddin: Saya Ingin Pulang Kampung https://goo.gl/fb/bG8hPe  #news #dprri",1
312,"Bismillah Jum'at Berkah
Menjalin tali silaturahmi mempererat Ukhuwah Islamiah.

Silaturahmi ke Majelis Ta'lim di Kecamatan Teluk Naga, Kabupaten Tangerang.
Hartanto Edhie Wibowo
#SBY #AHY #HEW #hartantoedhiewibowo #anggota #dpr #dprri #FPDDPRRI #PartaiDemokrat #Demokratpedulipic.twitter.com/5gA1aavcSR",1
313,Kira2 #dprRI berani tidak rancang UU miskinkan oknum korup yg #rampokAPBD ?? @KompasTV,1
314,"Bagaimana Kabar Pansus Angket KPK? Ini Kata Ketua DPR
http://bit.ly/2BGAtTj 
#HarianBernas #KoranBernasJogja #BeritaBernas #Pansusangket #KPK #DPRRI pic.twitter.com/lDZyaBihnt",1
315,"membangun boleh saja. Tapi kesejahtraan rakyat harus lebih utama.Kekayaan kita yg banyak bisa untuk membangun dan sebagainya,tapi keselarasan dan keseimbangn hrs di perhatikan pemerintah, agar pembangunan tidak timpang hanya pada kemegahan saja.#Gerindra.#DPRRI.#fadlizon .",1
316,"Rapat bersama BMKG & Badan SAR Nasional, Mengingat Indonesia terletak di wilayah cincin api Pasifik maka dari itu perlu adanya sinergi antara badan-badan terkait.

Hartanto Edhie Wibowo
#hartantoedhiewibowo #dpr #dprri #fpddprri #rapat #komisiV #BMKG #BASARNAS #PartaiDemokratpic.twitter.com/BstXfYAXO5",1
317,"Sedih liatnya negara ini, perkembangan perekonomian sangat lambat, tapi gedong-gedong pencakar langit semakin marak. Sementara di pelosok, kemiskinan merajalela. Macet dimana-mana akibat agenda kerja yg nggak dikaji secara detail._ #Gerindra.#DPRRI.#Fadlizon .",0
318,"@bambangsoesatyo di DPR, kau adalah pelengkap setengah presiden yang hilang. #dprri #ketuadpr #bamsoet #golkarpic.twitter.com/fmIgxI8e1P",1
319,"Soal Wacana Plt Gubernur Dari Polri Aktif, Ketua DPR RI Minta Pemerintah Dengarkan Masukan Masyarakat
http://bit.ly/2BCiyxj 
#HarianBernas #KoranBernasJogja #BeritaBernas #POLRI #DPRRI #Berita Bernaspic.twitter.com/3ytgYfaktR",1
320,"Jaga Kekompakan, Bamsoet Gelar Rapat dengan Pimpinan Fraksi #DPRRI http://jpnn.com/news/jaga-kekompakan-bamsoet-gelar-rapat-dengan-pimpinan-fraksi …",1
321,"Polsek Rungkut Polrestabes Surabaya Amankan Kunjungan Anggota DPR-RI 
http://surabayaraya.com/polsek-rungkut-polrestabes-surabaya-amankan-kunjungan-anggota-dpr-ri/ …
#PolsekRungkut #PolrestabesSurabaya #PoldaJatim #Polri #Surabaya #KamiHumasPolri #TheBestPol #DPRRI #DPR",1
322,Posisi Pemerintah Soal Pemidanaan Hubungan Sesama Jenis https://goo.gl/fb/fMSAHu  #nasional #news #dprri #kuhp #lgbt,1
323,".
.
at @matanajwa : 
Drama Baru Setya Novanto
.
.
#matanajwa #fahrihamzah #dprri #candidphoto… https://www.instagram.com/p/BeqG8hjDHbB/ ",0
324,Kira2 #dprRI berani tidak rancang UU miskinkan oknum korup yg #rampokAPBD ?? @KompasTV,1
325,"@DPDRI #DPRRI BAP DPD RI Mediasi Konflik Lahan di Lampung

Badan Akuntabilitas Publik Dewan Perwakilan Daerah RI mempertemukan... https://fb.me/aoHzGjTXt 
#fb",1
326,"Bapak Darmadi Durianto menjenguk langsung ke korban2 kebakaran...
#darmadiduriantowakilku
#dprri
#PDIPerjuanganpic.twitter.com/HY2LbLYxfp",1
327,Bp @juliaribatubara Melakukan kunjungan kerja di kec Sukorejo kab Kendal Jawa Tengah. @PDI_Perjuangan #DPRRI #KomisiVI #Jateng1pic.twitter.com/DpOatbyIG6,1
328,DPR RI Kecam Israel Cara Hadapi Demonstran #Gaza https://goo.gl/fb/kRCfsc  #MediaGaruda #berita #internasional #dprri,1
329,"@DuriantoDarmadi Selamat Paskah pak Darmadi Durianto.
#WakilRakyatyang Merakyat
#DPRRI
#PDIPerjuangan
#Jakut Jakbar Kep Seribu",1
330,"Anggota DPR RI Komisi VI Darmadi Durianto mendorong Kementrian Koperasi dan UKM naik kelas menjadi kementrian yang melaksanakan kebijakan teknis
#DarmadiDurianto
#darmadiduriantowakilku
#dprri
#PDIPerjuanganpic.twitter.com/oYcoElTVp8",1
331,"Menpora, Imam Nahrawi hadiri Raker dengan Komisi X DPR RI yang membahas kesiapan pelaksanaan program Kemenpora Tahun 2018.

#Rayapos #Berita #BeritaViral
#BeritaTerkini #Viral #InfoViral
#InfoUpdate #Olahraga #Menpora #DPRRI
https://www.rayapos.com/raker-komisi-x-dpr-ri-menpora-beberkan-tunjangan-atlet/ …",1
332,Anggota DPR Harus Jaga Kehormatan dan Lidah #DPRRI http://jpnn.com/news/anggota-dpr-harus-jaga-kehormatan-dan-lidah …,1
333,Selamat siang selamat berjuang #dprri #banjarnegara #purbalingga #kebumen #jateng7 #pilkadaserentak2019 #nasdempartaikujokowipresidenku #djasriofficial #fraksipartainasdem #singnasdemsingdjasripic.twitter.com/HQuQE7M2tS,1
334,UU MD3:DPR ANTIKRITIK(ini saya mengkritik lhoo)#DPRRI,0
335,"Mohon maaf Kami #korbanphksepihakfreeport kepengen tahu dari bpk #Jokowi1Hebat...Apakah jabatan penting dinegri ini rangkap ya. RI.1 dan FI.1...
#korbanphksepihakfreeport
#Jokowi
#lokataru
#fahiraidris
#hanifdakiri
#DPDRI
#DPRRI
#dprdpapua
#asergobai",0
336,Komisi VIII Minta Kemenag Evaluasi Agen Umrah Nakal #KlikRMOL #DPRRI http://www.rmolkalbar.com/read/2018/03/28/1639/Komisi-VIII-Minta-Kemenag-Evaluasi-Agen-Umrah-Nakal- …,1
337,"Dear bapak - ibu DPR,
Liat tuh berita tentang rakyat. Punya tipi layar super lebar to dirumah gedong?
Jangan liatin duit rakyat mulu ya.
Thanks.
#savetki #tki #tenagakerjaindonesia #dpr #dprri #pemerintahindonesia",0
338,"Dear bapak&ibu DPR,
buat UU perlindungan TKI dari para majikan. Bukan UU perlindungan diri sendiri.
Thanks.
#DPR #DPRRI #INDONESIA #SAVETKI #TKI #PEMERINTAHINDONESIA",0
339,"Mbak @NajwaShihab tolong saya usul #MataNajwadiTRANS7 bahas pertamax knp harga naik Rp200 secara diam"" tak ada kabar dari pemerintah..? Hehe sedangkan harga minyak dunia sedang turun.
#pilpres2019 
@ron281200 
#DPRRI",1
340,"Gito Resmi Jadi Pimpinan Komisi VI, Ace Hasan di Komisi VIII #DPRRI http://jpnn.com/news/gito-resmi-jadi-pimpinan-komisi-vi-ace-hasan-di-komisi-viii …",1
341,"DPR Pastikan RUU EBT bisa Disahkan sebelum Pemilu 2019 dan menjadi kabar baik untuk dunia energi?

#RuuEBT #minyakgasdanbumi #dprRI http://utm.io/ub0x7 ",1
342,"414 Kombes Polisi Nganggur, Anak Buah SBY: Itu Nambah Beban Negara https://www.jawapos.com/read/2018/03/28/199657/414-kombes-polisi-nganggur-anak-buah-sby-itu-nambah-beban-negara#.Wrtll5nUU9g.twitter …
#414KombesNganggur #Polri #Demokrat #DPRRI",0
343,DPR Nilai KEK Mandalika Jaga Kearifan Lokal https://azizsyamsuddin.com/dpr-nilai-kek-mandalika-jaga-kearifan-lokal/ … via @aziz_syamsuddin #mandalika #dprri,1
344,"Pemberian Imunisasi Difteri Tahap 2 & Vit A yg di selenggarakan o/ Rumah Kebangsaan Indonesia @DuriantoDarmadi,P3SRS & Pengelola Apt Menara Latumeten brst RT / Rw 013 bekrjsm dgn Puskesmas Jelambar Baru. #imundifteri #DarmadiDurianto #DPRRI #PDIPerjuangan #salammetalpic.twitter.com/rRwiDwDYOQ",1
345,"Linda Megawati: Setiap Warga Berhak Hidup Layak - Linda Megawati | Anggota DPR RI Fraksi Demokrat 
#dprri #lindamegawati #reses #kunker #dapil #4pilar #empatpilar #mpr #demokrat
http://lindamegawati.com/kegiatan/265-linda-megawati-setiap-warga-berhak-hidup-layak … via @LindaDemokrat",1
346,Kerja di ngri sendiri sulit bgt kata'y akan menciptakan lapangan kerja.mana.yg ada hrs pakai uang #presidenRI #dprRI pic.twitter.com/1UYc4YUvTV,0
347,"Viva Yoga Minta Pemerintah Stabilkan Harga Garam Rumahan http://www.tribunnews.com/nasional/2018/03/26/viva-yoga-minta-pemerintah-stabilkan-harga-garam-rumahan …
#garam #impor #dprri #vivayoga #fraksiPAN",0
348,"Banyak Konflik Agraria, PAN Dorong DPR Bentuk Pansus - http://Pojoksatu.id  http://pojoksatu.id/news/berita-nasional/2018/03/21/banyak-konflik-agraria-pan-dorong-dpr-bentuk-pansus/ …
#Agraria #PansusAgraria #FraksiPAN #DPRRI #Pertanahan",1
349,"DPR: Penambahan 3 kursi pimpinan MPR jaga stabilitas politik | http://merdeka.com  https://www.merdeka.com/politik/dpr-penambahan-3-kursi-pimpinan-mpr-jaga-stabilitas-politik.html …
#MPR #MPRRI #DPR #DPRRI #FraksiPAN",1
350,"Menyentuh segala lapisan Masyarakat..
Warga #Tangerang HEWBAT 
#HEWBAT #HartantoEdhieWibowo #BersamaRakyat #dpr #dprri #fpddprri #PartaiDemokrat #Banten #DemokratS14P #Demokratuntukrakyat #kabartangerang #infotangerang #DemokratPeduli #Demokratberisolusi #DemokratJayapic.twitter.com/7PsXdwPaAP",1
351,"Bapak Darmadi Durianto menjenguk langsung ke korban2 kebakaran...
#darmadiduriantowakilku
#dprri
#PDIPerjuanganpic.twitter.com/HY2LbLYxfp",1
352,Bp @juliaribatubara Melakukan kunjungan kerja di kec Sukorejo kab Kendal Jawa Tengah. @PDI_Perjuangan #DPRRI #KomisiVI #Jateng1pic.twitter.com/DpOatbyIG6,1
353,"Pengamat Politk Boni Hargens menduga, ada skenario yang dimainkan oleh Ketua Dewan Kehormatan PAN Amien Rais dibalik kasus korupsi yang menjerat Wakil Ketua DPR yang juga Waketum PAN, Taufik Kurniawan.",0
354,Hukum di Indonesia sudah menjadi komoditas di PerJUAL BELIkan untu orang-orang Bermodal !!!,0
355,"Anggota DPR RI Komisi VI Darmadi Durianto mendorong Kementrian Koperasi dan UKM naik kelas menjadi kementrian yang melaksanakan kebijakan teknis
#DarmadiDurianto
#darmadiduriantowakilku
#dprri
#PDIPerjuanganpic.twitter.com/oYcoElTVp8",1
356,"#DARMADI DURIANTO
#WAKILKU
#WAKILRAKYAT
#DPRRI
#JAKBAR, JAKUT,KEPULAUAN1000 pic.twitter.com/ACLlyF8GGY",1
357,"Menpora, Imam Nahrawi hadiri Raker dengan Komisi X DPR RI yang membahas kesiapan pelaksanaan program Kemenpora Tahun 2018.

#Rayapos #Berita #BeritaViral
#BeritaTerkini #Viral #InfoViral
#InfoUpdate #Olahraga #Menpora #DPRRI
https://www.rayapos.com/raker-komisi-x-dpr-ri-menpora-beberkan-tunjangan-atlet/ …",1
358,"Iya klu zaman dulu PRESIDEN, Anggota Dewan dan semua pejabat NEGARA BETUL2 BERJUANG UNTUK MENSEJAHTERAKAN SEMUA RAKYAT INDONESIA. KLU skrg PEJABAT BERJUANG UTK PARTAI DAN DIRINYA SENDIRI",0
359,DPR: OKI Harus Bersatu Melawan Kebrutalan Donald Trump http://merdekanews.co/read/3234/DPR-OKI-Harus-Bersatu-Melawan-Kebrutalan-Donald-Trump … #DPRRI #KomisiIII #JazilulFawaid,1
360,"Bambang Soesatyo, Priscilla dan Barometer Pendidikan Indonesia http://merdekanews.co/read/3235/Bambang-Soesatyo-Priscilla-dan-Barometer-Pendidikan-Indonesia … #DPRRI #BambangSoesatyo #PriscillaDaniegoPahlawan",1
361,"Bambang Soesatyo mendukung kebijakan pemerintah yang mengatur tarif pajak situs belanja online milik asing untuk usaha mikro, kecil dan menengah (UMKM).

#Rayapos #Berita #BeritaViral #BeritaTerkini #InfoViral #InfoUpdate #Metropolitan #nasional #DPRRI
https://www.rayapos.com/ketua-dpr-setuju-bisnis-online-dikenakan-pajak/ …",1
362,"Selamat Hari Kartini... Bersatulah Seluruh Perempuan Indonesia...

@DuriantoDarmadi
#KartiniDarmadiDurianto
#darmadiduriantowakilku
#DPRRI
#PDIPerjuanganpic.twitter.com/726CSKmPLx",1
363,"Ayo Kritik DPR sepuasnya. Pemenang Terbaik akan mendapatkan Sepeda Motor yang digunakan dalam 'Film Dilan'.

https://pamanawanews.com/news/politik/pengumuman-dibuka-lomba-kritik-dpr-2018-ada-hadiah-10-juta-0d974824/ … #Dprri #HutDPRRI #DPR",0
364,"PDIP: Aturan Perpajakan Tidak Boleh Turunkan Daya Saing UMKM

http://nusantara.rmol.co/read/2018/04/19/336042/PDIP:-Aturan-Perpajakan-Tidak-Boleh-Turunkan-Daya-Saing-UMKM …
@DuriantoDarmadi
#DarmadiDuriantoPeduli
#darmadiduriantowakilku
#DPRRI
#PDIPerjuanganpic.twitter.com/o6X2Rt5Spt",1
365,"Anggota DPR RI Darmadi Durianto Minta Aturan Pajak Jangan Beratkan UMKM

https://m.viva.co.id/berita/bisnis/1028041-dpr-minta-aturan-pajak-jangan-beratkan-umkm …
@DuriantoDarmadi
#DarmadiDuriantoPeduli
#darmadiduriantowakilku
#DPRRI
#PDIPerjuanganpic.twitter.com/oxhocPbL3O",1
366,"Kunjungan sekaligus menyalurkan bantuan Kursi Roda kepada warga yang membutuhkan.
Bentuk Kepedulian seorang Anggita DPR RI Darmadi Durianto terhadap rakyat kecil.
#DarmadiDuriantoPeduli
#darmadiduriantowakilku
#DarmadiDurianto
#DPRRI
#PDIPerjuanganpic.twitter.com/VWdBz8aIQv",1
367,"Slmt Hari PERTAHANAN SIPIL (HANSIP) Ke 46
•
APARATUR HANSIP tlh bnyak mbrikn kontribusi bgi wrga kota maupn desa dg pgamann & pjagaan lingkungn dg dmkian masyrkt mrsa aman & nyman
•
BRAVO HANSIP
•
#Hansip
#Linmas
#pamongpraja
#LuchtBeschermingDients
#kemendagri
#htc
#dprri pic.twitter.com/nVaj3NA45x",1
368,"Selamat dan Sukses atas dilantiknya Pengurus DPD dan DPC Partai Demokrat Se - Provinsi Banten

DEMOKRAT BANTEN S14P..!!
#SBY #AHY #HEW #hartantoedhiewibowo #DemokratBantenS14P #BantenS14P #BersamaRakyat #Demokratberibukti #DEMOKRATS14P #dprri #FPDDPRRI #Demokratpic.twitter.com/a584GuJNHu",1
369,DPR Ingatkan Pemerintah China Tidak Rugikan Tenaga Kerja Indonesia dalam Investasinya http://merdekanews.co/read/3203/DPR-Ingatkan-Pemerintah-China-Tidak-Rugikan-Tenaga-Kerja-Indonesia-dalam-Investasinya … #DPRRI #BambangSoesatyo #InvestasiChina #XiaoQian,1
370,"Komisi V: Jembatan Ambruk, Pemerintah Bisa Dipidana http://merdekanews.co/read/3201/Komisi-V-Jembatan-Ambruk-Pemerintah-Bisa-Dipidana … #DPRRI #KomisiV #JembatanBabat-Widang #SigitSosiantomo",1
371,"Anggota DPR RI Ini Bakal Sambangi Ponpes Al-Furqon di Mekarsari Cianjur, Ada Apa? #Cianjur #DPRRI #PartaiDemokrat #Politik http://www.b2s.pm/U02bGo pic.twitter.com/lQPZBlcenL",1
372,MK Gelar Sidang Pengujian UU BUMN #Konstitusi #MahkamahKonstitusi #BUMN #Antam #PTBukitAsam #DPRRI #Apbn #Jakartahttp://bit.ly/2JVUNWe ,1
373,"Saia mewakili Kel.Besar mengucapkan byk terimakasih a/karangan bunga & perhatian yg di berikan o/Bpk @DuriantoDarmadi selaku Anggota DPR RI fraksi #PDIPerjuangan. 
#DarmadiDurianto #DPRRI
#Jakartautara #Jakartabarat
#kepulauanseribu
#wakilrakyat #sahabatrakyatpic.twitter.com/lfXtfjNP1c",1
374,Ketua DPR: Cegah Korupsi dengan Gerakan Nasional Non Tunai http://merdekanews.co/read/3182/Ketua-DPR-Cegah-Korupsi-dengan-Gerakan-Nasional-Non-Tunai … #DPRRI #BambangSoesatyo #PPATK #GerakanNonTunai #Korupsi,1
375,Komisi VIII: Pengawasan Lemah Munculkan Banyak Travel Umrah Nakal http://merdekanews.co/read/3181/Komisi-VIII-Pengawasan-Lemah-Munculkan-Banyak-Travel-Umrah-Nakal … #DPRRI #KomisiVIII #EndangMariaAstuti #BiroUmrah #KementerianAgama,0
376,Meutya Hafid: DPR Minta Facebook Serahkan Perjanjian dengan Pihak Ketiga http://merdekanews.co/read/3180/Meutya-Hafid-DPR-Minta-Facebook-Serahkan-Perjanjian-dengan-Pihak-Ketiga … #DPRRI #KomisiI #MeutyaViadaHafid,1
377,"RUU AFAS Disetujui Dilanjutkan, Fraksi PAN Beri Catatan http://fraksipan.com/ruu-afas-disetujui-dilanjutkan-fraksi-pan-beri-catatan/ …
#HafiszThohir #Keuangan #FraksiPAN #DPRRI",1
378,Revisi UU Perkawinan Perlu Kajian Mendalam https://goo.gl/fb/WjXPF5  #MediaGaruda #berita #hukum #dprri,1
379,Komisi VIII DPR Minta Ruang Gerak Sipatuh Dimodifikasi https://goo.gl/fb/3J4jN5  #MediaGaruda #berita #nasional #dprri,1
380,http://JabarNews.com  Beredar Notulensi Rapat DPR RI Soal Perangkat Desa https://goo.gl/fb/xw1jha  #nasional #polhukam #dprri,1
381,DPR minta BNN pastikan calon kepala daerah bebas narkoba. #BambangSoesatyo #Narkoba #BNN #DPRRI #Jakarta http://bit.ly/2J1zu4r ,1
382,Anggaran Jumbo DPR. Baca : http://www.beritapanas.net/2018/04/anggaran-besar-dpr-majukah-indonesia.html … #BeritaPanas #AnggaranDPR #Indonesia #BeritaIndonesia #BeritaTerkini #IndonesiaTerkini #JokowiPresidenKu2Periode #14tahuntagana #rctiqq #BeritaViral #IndonesiaMaju #imporgaram #h2mfestivalteluktomini #DPRRI #DewanPerwakilanRakyat,0
383,"Rencana pembangunan gedung baru DPR dengan anggaran Rp 7,7 triliun, hingga kini belum disetujui pemerintah.

#Rayapos #Berita #BeritaViral #BeritaTerkini #InfoUpdate #Nasional #Metropolitan #DPRRI
https://www.rayapos.com/anggaran-gedung-baru-dpr-rp-77-triliun-belum-cair-kata-bamsoet/ …",0
384,"Fikiran jika pendek dan dangkal akan nencarai sarang pada akal dan nafsu.
Jika is luas dan mendalam ia akan mencari rumah dalam hari.
#bangzai #bankzai #dprri #PoliticsNation #Indonesia",0
385,"Aiihh.. Selain peduli terhadap rakyat kecil, juga peduli terhadap pengusaha kecil dan menengah.. Benar2 Nyata Kerjanya, pemimpin masa kini dan masa depan.. 
#darmadiduriantowakilku #dprri #PDIPerjuangan #seminarusahapic.twitter.com/h2qSt9FxW8",1
386,"Anggota DPR RI Komisi VI Fraksi PDI Perjuangan @DuriantoDarmadi Mengucapkan Selamat Hari Raya Idul Fitri 1 Syawal 1439H Minal Aidzin Walfaidzin Mohon Maaf Lahir Bathin

#DarmadiDurianto
#DPRRI
#PDIPerjuangan
#minalaidzinwalfaidzin
#rkigropetpic.twitter.com/Ult9c1JuqW",1
387,"Kerja Nyata, Fasilitasi Mudik Gratis Endang DPRRI Siapkan 16 Bus http://sieradmu.com/kerja-nyata-fasilitasi-mudik-gratis-endang-dprri-siapkan-16-bus/ … lewat @sieradMU #MudikdiTwitter #NEWS #DPRRI #lebaran2018",1
388,"Selamat pagi Bpk #DarmadiDurianto selamat beraktivitas kembali tetap semangat 

Begitu bahagia warga dan rakyat memiliki #WakilRakyat Yang merakyat serta #pedulirakyat #DarmadiDurianto
#DPRRI
#Pdiperjuangan
#DarmadiDuriantoMelayani
#darmadiduriantowakilku
#JakbarJakutKepSeribupic.twitter.com/wAPYEWM8bO",1
389,"Darmadi : PDIP Siap Perjuangkan Nasib Warga Rawa Malang
#DarmadiDurianto
#DPRRI
#PDIPerjuangan
#PDIPerjuanganM3nang
http://www.beritamoneter.com/darmadi-pdip-siap-perjuangkan-nasib-warga-rawa-malang/ …pic.twitter.com/Io75rfgZph",1
390,Bagai mana caranya pasien rawat jalan tampa berlama lama menunggu antri pengobatan karna sebagian mereka ada yang sudah aktif kerja jadi BPJS carikan selusinya #mentrikesehatan #BPJS #DPRRI carikan solusinya,0
391,Waktu adalah kerja dan uang pasien rawat jalan dan pengantarnya harus kerja jadi bisa gak dgn waktu singkat pasien sudah di periksa dan mendapat obat dari RS nya #BPJSkesehatan #mentrikesehatan #DPRRI ini PR saudara,0
392,Anggota DPR RI Darmadi durianto            #DPRRI #darmadiduriantopic.twitter.com/UIZ1sbMOGE,1
393,Bisa gak yah BPJS melayani pasien rawat jalan dgn waktu singkat sudah bisa dilayani periksa dan mendapat obat karena sebagian pasien itu sudah aktif di tempat kerja agar tidK banyak waktu ter buang #mentrikesehatan #BPJSkesehatan #DPRRI,1
394,"Kepedulian Bpk. #DarmadiDurianto menyerap Aspirasi masyarakat pekojan tambora jakarta barat,begitu antusias mereka menerima kehadiran wakil rakyat
#DarmadiDurianto
#Dprri
#Pdiperjuangan
#DarmadiDuriantoMelayani
#DarmadiDuriantoPeduli
#DarmadiDuriantoOk
#JakbarJakutKepSeribupic.twitter.com/S5QXAKJpy2",1
395,"Dorong Transparasi, Bamsoet : Kita Akan Luncurkan Aplikasi DPR Now https://majalahayah.com/dorong-transparasi-bamsoet-kita-akan-luncurkan-aplikasi-dpr-now/ … @bambangsoesatyo @BamsoetQuotes @DPR_RI @WikiDPR @WikiDPR1 @bksapdprri @NasDem @Official_NasDem @KPK_RI @wartapolitik #DPRRI #AplikasiDPR",1
396,"Wakil Rakyat yg selalu siap menerima aspirasi konstituennya.
Anggota Komisi VI DPR-RI Fraksi PDI Perjuangan Darmadi Durianto menerima aspirasi warga Rawa Malang Cilincing Jakarta Utara di ruang PDI Perjuangan DPR-RI 
#DarmadiDurianto #DPRRI #PDIPerjuangan #JakbarJakutKepSeribupic.twitter.com/6bZdQ7yVya",1
397,"Wakil Rakyat yg selalu menerima aspirasi konstituennya.
Anggota Komisi VI DPR-RI Fraksi PDI Perjuangan @DuriantoDarmadi menerima aspirasi warga di ruang Fraksi PDI Perjuangan DPR-RI Senayan Jakarta,.
#DarmadiDurianto
#DPRRI
#PDIPerjuangan
#WAKILRAKYAT
#SAHABATRAKYATpic.twitter.com/NUuXp7HXUF",1
398,"Terkait Calon Dirut Pertamina, Darmadi Durianto: Jabatan Dirut Pertamina Tidaklah Mudah
#DarmadiDurianto
#DPRRI
#PDIPerjuangan
#PDIPerjuanganM3nang
http://m.kabar3.com/detail/7759/terkait-calon-dirut-pertamina-darmadi-durianto-jabatan-dirut-pertamina-tidaklah-mudah …pic.twitter.com/75qDLcX5sx",1
399,"Darmadi Durianto Minta Dirut PT. Garuda Indonesia Lakukan Harmonisasi Stakeholder
#DarmadiDurianto
#DPRRI
#PDIPerjuangan
#PDIPerjuanganM3nang
http://m.kabar3.com/detail/7762/darmadi-durianto-minta-dirut-pt-garuda-indonesia-lakukan-harmonisasi-stakeholder …pic.twitter.com/sMtHjUXNKH",1
400,"Kepedulian Bpk #DuriantoDarmadi dgn Warga,bukti kerja nyata yg jarang terlihat oleh wakil rakyat pada umumnya.Tidak pada saat kampanye saja beliau hadir memperhatikan warga yg membutuhkan.
#DarmadiDurianto
#Dprri
#DarmadiDuriantoPeduli
#DarmadiDuriantoMelayani
#SahabatRakyatpic.twitter.com/FyEa598Mn6",1
401,"PDIP: NasDem dan Golkar Punya Relawan Jokowi, Kami Khawatir

http://www.teropongsenayan.com/86419-pdip-nasdem-dan-golkar-punya-relawan-jokowi-kami-khawatir …
#DarmadiDurianto
#DPRRI
#PDIPerjuangan
#PDIPerjuanganM3nangpic.twitter.com/VI2KnGgRRY",0
402,"Darmadi melihat apa yang dilakukan oleh Cak Imin tidak terlepas dari kepentingan di Pemilihan Legislatif (Pileg) pada 2019 agar suara yang didapat PKB masuk tiga besar.

http://m.jitunews.com/read/79498/pdip-cak-imin-tak-serius-maju-cawapres-jokowi-cuma-naikin-pkb …
#DarmadiDurianto
#DPRRI
#PDIPerjuangan
#PDIPerjuanganM3nangpic.twitter.com/ERir8v1w6E",0
403,Dari pada kamu menghina Presiden. Lebih baik kamu minta Anggota @DPR_RI supaya MEMBUAT RUU HUKUMAN MATI BAGI TERSANGKA KORUPTOR. Kamu kok gak CERDAS klu #indonesia banyak HUTANG SEMUA MAHAL ITU KRN INDONESIA SARANGNYA KORUPTOR #dpr #DPRLive #PrabowoSandi #JokowiTerimaDubes,1
404,"DPR Cari Cara Panggil Menteri Rini untuk Jelaskan Rekaman Obrolan dengan Dirut PLN

https://m.liputan6.com/bisnis/read/3504465/dpr-cari-cara-panggil-menteri-rini-untuk-jelaskan-rekaman-obrolan-dengan-dirut-pln …
#DarmadiDurianto
#DPRRI
#PDIPerjuangan
#PDIPerjuanganM3nangpic.twitter.com/Vbu6Y2f0Fq",1
405,"Anggota Komisi VI DPR RI Darmadi Durianto mengakui untuk memilih sosok yang tepat menjadi Direktur Utama Pertamina memang sulit

https://m.liputan6.com/bisnis/read/3504687/dpr-minta-dirut-pertamina-yang-baru-penuhi-kriteria-ini …
#DarmadiDurianto
#DPRRI
#PDIPerjuangan
#PDIPerjuanganM3nangpic.twitter.com/mIND6KT58x",1
406,"PDIP: #2019GantiPresiden Cuma Upaya PKS Naikkan Elektabilitas

https://m.akurat.co/id-217163-read-pdip-2019gantipresiden-cuma-upaya-pks-naikkan-elektabilitas …
#DarmadiDurianto
#DPRRI
#PDIPerjuangan
#PDIPerjuanganM3nangpic.twitter.com/k4GjmCBmWz",0
407,"Elite PDIP: Cak Imin Cuma Gocek-gocek Buat Bargaining PKB

https://m.viva.co.id/berita/politik/1033617-elite-pdip-cak-imin-cuma-gocek-gocek-buat-bargaining-pkb …
#DarmadiDurianto
#DPRRI
#PDIPerjuangan
#PDIPerjuanganM3nangpic.twitter.com/LSP36YqPME",0
408,"PDIP Optimistis Raup 30% Suara di Pileg 2019

http://m.bisnis.com/kabar24/read/20180506/15/792084/pdip-optimistis-raup-30-suara-di-pileg-2019 …
#DarmadiDurianto
#DPRRI
#PDIPerjuangan
#PDIPerjuanganM3nangpic.twitter.com/mKpdzJkgDx",1
409,"DPR Kritisi Kinerja OJK, mengenai pengawasan industri jasa keuangan khususnya industri perasuransian dan industri fintech.",1
410,"Darmadi : Jokowi Butuh Cawapres Dari Indonesia Timur

http://www.suarainvestor.com/darmadi-jokowi-butuh-cawapres-dari-indonesia-timur/ …
@DuriantoDarmadi
#DarmadiDurianto
#DPRRI
#PDIPerjuangan
#PDIPerjuanganM3nangpic.twitter.com/tbyvYtWIVR",1
411,"Inilah sosok Anggota DPR RI Komisi VI Bapak Darmadi Durianto yg biasa berbaur dgn masyarakat kalangan bawah...Wakil Rakyat yg peduli dan bersahabat...
@DuriantoDarmadi
#DarmadiDurianto
#DarmadiDuriantoPeduli
#DPRRI
#PDIPerjuanganpic.twitter.com/B4ivtN6QWp",1
412,"Anggota Komisi VI DPR RI Darmadi Durianto mengatakan, pihaknya belum bisa memberikan tanggapan atau sikap terkait hal ini sebelum ada klarifikasi dari Menteri Rini.
#DarmadiDurianto
#DarmadiDuriantoPeduli
#DPRRI
#PDIPerjuangan
http://m.liputan6.com/bisnis/read/3504465/dpr-cari-cara-panggil-menteri-rini-untuk-jelaskan-rekaman-obrolan-dengan-dirut-pln?utm_source=Mobile&utm_medium=twitter&utm_campaign=Share_Top …",1
413,"https://youtu.be/a9Gb-kBWIOc 
Bismillah hirrahmanirrahim 
Berbuat yang terbaik dengan semangat mengabdi
#kamifirmandez #dprri #aceh #dapilaceh2 #bireun #acehutara #lhokseumawe #benermeriah #acehtengah #acehtimur #kotalangsa #acehtamiang",1
414,"Semangat pak Darmadi Durianto untuk turun ke bawah dan berinteraksi dgn warga sangat patut kita apresiasi. Selalu sehat pak bersama rekan2 kerja lainnya.
#DarmadiDurianto
#DarmadiDuriantoPeduli
#SahabatDarmadiDurianto
#SahabatRakyat
#RKIDDGropet
#DPRRI
https://m.facebook.com/story.php?story_fbid=660917457586719&id=347904485554686 …pic.twitter.com/NfzmEhwzxB",1
415,"Seorang Wakil Rakyat yg patut dibanggakan. Kepedulian tanpa ada batas. Kesederhanaan yg patut jdi contoh bagi wakil2 rakyat lain nya.
#DarmadiDurianto
#DarmadiDuriantoPeduli
#DarmadiDuriantoMelayani
#DPRRI
#PDIPerjuanganhttps://twitter.com/ArifPam52654017/status/993071198375325696 …",1
416,"Antusiasme warga untuk berfoto kagum akan sikap kepedulian Pak @DuriantoDarmadi yg menyempatkan waktu di sela kesibukannya sebagai anggota dewan.
#DarmadiDurianto
#DarmadiDuriantoPeduli
#SahabatDarmadiDurianto
#DPRRI
#PDIPerjuanganpic.twitter.com/GKvNlToznM",1
417,"Tidak ada kata lelah dlm melontarkan kepeduliannya terhadap warga miskin...lagi lagi Pak Darmadi Durianto DPR RI Komisi VI PDI Perjuangan bersama Teamnya mendatangi warga yg membutuhkan kursi roda
@DuriantoDarmadi
#DarmadiDurianto
#DarmadiDuriantoPeduli
#DPRRI
#PDIPerjuanganpic.twitter.com/51W9U0zZt1",1
418,"Selamat pagi Bpk #DarmadiDurianto selamat beraktivitas kembali tetap semangat 

Begitu bahagia warga dan rakyat memiliki #WakilRakyat Yang merakyat serta #pedulirakyat #DarmadiDurianto
#DPRRI
#Pdiperjuangan
#DarmadiDuriantoMelayani
#darmadiduriantowakilku
#JakbarJakutKepSeribupic.twitter.com/wAPYEWM8bO",1
419,"Darmadi : PDIP Siap Perjuangkan Nasib Warga Rawa Malang
#DarmadiDurianto
#DPRRI
#PDIPerjuangan
#PDIPerjuanganM3nang
http://www.beritamoneter.com/darmadi-pdip-siap-perjuangkan-nasib-warga-rawa-malang/ …pic.twitter.com/Io75rfgZph",1
420,"Kepedulian Bpk. #DarmadiDurianto menyerap Aspirasi masyarakat pekojan tambora jakarta barat,begitu antusias mereka menerima kehadiran wakil rakyat
#DarmadiDurianto
#Dprri
#Pdiperjuangan
#DarmadiDuriantoMelayani
#DarmadiDuriantoPeduli
#DarmadiDuriantoOk
#JakbarJakutKepSeribupic.twitter.com/S5QXAKJpy2",1
421,"Wakil Rakyat yg selalu siap menerima aspirasi konstituennya.
Anggota Komisi VI DPR-RI Fraksi PDI Perjuangan Darmadi Durianto menerima aspirasi warga Rawa Malang Cilincing Jakarta Utara di ruang PDI Perjuangan DPR-RI 
#DarmadiDurianto #DPRRI #PDIPerjuangan #JakbarJakutKepSeribupic.twitter.com/6bZdQ7yVya",1
422,"Yang paling ideal saya akan bertulis surat dan akan manggil beberapa pihak bersama BURT, saya minta didampingi mungkin dengan Pak Utut (Wakil Ketua DPR Utut Adianto)",1
423,"Kepedulian Bpk #DuriantoDarmadi dgn Warga,bukti kerja nyata yg jarang terlihat oleh wakil rakyat pada umumnya.Tidak pada saat kampanye saja beliau hadir memperhatikan warga yg membutuhkan.
#DarmadiDurianto
#Dprri
#DarmadiDuriantoPeduli
#DarmadiDuriantoMelayani
#SahabatRakyatpic.twitter.com/FyEa598Mn6",1
424,Revisi UU Terorisme Akhirnya Disahkan http://bit.ly/2IPlRFu  #berita #nusabali #RUUTerorisme #RevisiUU #DPRRI,1
425,"Pak @duriantodarmadi bersama Teman2 #DPRRI Kom VI melakukan KunKer Spesifik ke Pasar Tradisional RAU,Serang,Banten
#DarmadiDurianto
#vy4nzpic.twitter.com/gmBI7LSoPy",1
426,#TNI #tnipolriasiangamesxviii  ini pesan Gatot Nurmantyo yang harus di dengar....semoga Indonesia aman dan damai... #terorisJancok #DPRRI #DPR #MPR @ZUL_Hasanpic.twitter.com/dNhTkVFwBm,1
427,"Akhirnya UU Anti Teroriame Disahkan jumat (25/05/2018)
 _
#uuantiteroris
#dprri
#kepriNews https://www.facebook.com/KepriNews.co.id/videos/2099818990252806/ …",1
428,"SELALU BEKERJA DEMI KEPENTINGAN RAKYAT
SEMANGAT SELALU PAK & SEHAT SELALU AMINNN
#DarmadiDurianto
#DPRRI
#PDIPerjuanganpic.twitter.com/uihd2jNlIj",1
429,"Anggota DPR-RI Fraksi PDI Perjuangan Darmadi Durianto bersama team Komisi VI DPR-RI menyambangi Pasar Rau Kota Serang Banten,
 mengececek langsung harga kebutuhan pokok menjelang Lebaran. #KunkerKomisiVI #DarmadiDurianto
#DPRRI
#PDIPerjuangan
#WakilRakyat
#sahabatrakyatpic.twitter.com/1RFupkH2b4",1
430,"Pak #DarmadiDurianto Bersama Rekan2 Komisi VI #DPRRI Kunker Spesifik ke Pasar Tradisional RAU di #serang #banten #jawabarat mengecek harga kebutuhan 9 bahan pokok
#DarmadiDuriantoPeduli
#DarmadiDuriantoWakilKu
#DPRRI #PDIPerjuangan
#rkiddgropet #vy4nzpic.twitter.com/FmgaMyHmLf",1
431,"Akhirnya, UU Antiterorisme Disahkan #DPRRI - http://kerennews.com/2018/05/25/akhirnya-uu-antiterorisme-disahkan-dpr-ri/ …",1
432,"Meninjau Harga Kebutuhan Pokok #pasartradisional #serang #banten #jawabarat oleh Bpk @darmadidurianto selaku #DPRRI #PDIPerjuangan
#DarmadiDurianto
#darmadidurianto
#wakilrakyat #sahabatrakyat
#bekerjauntukrakyat
#melayanidenganhati
#Jakartautara #Jakartabaratpic.twitter.com/werM2xd4tw",1
433,"@mprgoid @kel_uks
#UtanKayuSelatan 
WALIKOTA JAKARTA TIMUR BERBUKA PUASA BERSAMA WARGA UTAN KAYU SELATAN DI MESJID AT-TAUBAH. #mprri #dprri #dprd1 #dpdri #kpkhttp://m.beritajakarta.id/read/58682/wali-kota-jaktim-buka-puasa-bersama-warga-utan-kayu-selatan …",1
434,"Seminar Ekonomi bertajuk ""Strategi Menembus Pasar Global"" dan Pelantikan Pengurus Rumah Kebangsaan Indonesia di Sun Internasional Palace Restaurant Season City Jakarta Barat, Selasa  (22/5/2018)
#DarmadiDurianto #DPRRI pic.twitter.com/LZ0c8xUq7R",1
435,"Puisi By kien kien
Judul : Pagi Bersatu

Udara Sejuk Di Pagi Hari
Bangun Pagi Menanam Padi
Mari Kita Kompak Jangan Iri
Kita Bersatu Bangun DUKUNG Pak DARMADI
#DARMADIDURIANTO #Dprri #WakilRakyat #SahabatRakyat #indonesiajaya #indonesiabersatu #DarmadiDuriantoPedulipic.twitter.com/0TTLIOpnwB",1
436,"Hari ini sidang bersama Mitra Kerja DPR Komisi IV,  menyampaikan kesiapan Bulog menghadapi Ramadhan, dan Lebaran tahun ini. Stok pangan tidak hanya harus tersedia tetapi harus mudah didapatkan masyarakat.
.
.
#DPRRI #PDIPerjuangan #PDIPerjuanganSulsel #RidwanAndiWittiripic.twitter.com/f61eszeHtu",1
437,"Buk ber @DuriantoDarmadi 
Selamat beraktivitas,Terus Berjuang Untuk Rakyat
3
Tokoban123 menjual ban truk dan bus 0852 1168 3888

#DarmadiDurianto
#dprri
#PDIPerjuangan
#PenuhBerkah
#PenuhKasih
#DarmadiDuriantoPeduli
#DarmadiDuriantoBerjuangTeruspic.twitter.com/9pcrHBG42L",1
438,"BENTUK APRESIASI DARI DPR-RI KOMISI VI FRAKSI PDI PERJUANGAN BPK.DARMADI DURIANTO KEPADA MENTERI PERDAGANGAN-RI DRS.ENGGARTIASTO LUKITA
@DuriantoDarmadi
#DPRRI
#pdiperjuangan
#KerjaNyatapic.twitter.com/Fwi3cJZUnq",1
439,"SELALU BEKERJA DEMI KEPENTINGAN RAKYAT
SEMANGAT SELALU PAK & SEHAT SELALU AMINNN
#DarmadiDurianto
#DPRRI
#PDIPerjuanganpic.twitter.com/uihd2jNlIj",1
440,"Anggota DPR-RI Fraksi PDI Perjuangan Darmadi Durianto bersama team Komisi VI DPR-RI menyambangi Pasar Rau Kota Serang Banten,
 mengececek langsung harga kebutuhan pokok menjelang Lebaran. #KunkerKomisiVI #DarmadiDurianto
#DPRRI
#PDIPerjuangan
#WakilRakyat
#sahabatrakyatpic.twitter.com/1RFupkH2b4",1
441,"Fahri Soal UU MD3: Penghinaan Itu Terhadap Tugas Lembaga, Bukan Kritik https://goo.gl/PYH1SM  #FahriHamzah #UUMD3 #DPRRI #Politik #BeritaTerkinipic.twitter.com/1sokymQsHc",0
442,‘Genting’ Setelah Disahkan UU MD3 https://goo.gl/fb/kuEEnU  #megapolitan #nasional #news #parlemen #polhukam #tokoh #dprri #gentinguumd3,0
443,"Besok Fahri Hamzah ke Makassar, Ini Agendanya https://goo.gl/fb/jJ1D21  #pemerintahan #dprri #fahrihamzah #kemakassar",1
444,"#PojokSatu Jokowi Tak Mau Teken UU MD3, DPR: Tetap Kami Terapkan! https://goo.gl/fb/KdBDiz  #nasional #dprri",0
445,"Kak @meutya_hafid melihat sudah terpasangnya dan berfungsinya titik WiFi di salah satu sekolah di Deli Serdang, sehingga dapat membantu proses belajar dan mengajar di sekolah tersebut. 

#meutyahafid #perempuaninspirasi #tokohsumut #tokohperempuan #tokohnasional #inspirasi #dprri pic.twitter.com/b9ZbYNnhOW",1
446,"Kekonyolan anggota #DPR #DPRRI, menyelamatkan diri dengan bilang ke media udah lapor A B C D ke polisi tapi tidak diproses,
eh Pakde lu punya hak manggil polisi napa nggak dipakek? panggil tuh Kapolri, #kritik #sehat
https://id.wikipedia.org/wiki/Komisi_III_Dewan_Perwakilan_Rakyat_Republik_Indonesia …pic.twitter.com/M9J6oXBcfO",0
447,jd objek politik. Kesalahan ms lalu yg terus berulang lagi. #kemenpanRB #Kemdikbud #PGRI #DPRRI #KomisiX lupa &lalai. Lawan lupa!!,0
448,Menerima kunjungan kehormatan ketua senat Kazakstan. #davelaksono #dprri #golkar #jakarta… https://www.instagram.com/p/BgQ2Dvyl3PR/ ,1
449,"Keceriaan #Rapimnas Partai #Demokrat yang penuh kebersamaan

Demokrat S14P..!!
.#SBY #AHY #HEW #hartantoedhiewibowo #dpr #dprri #fpddprri #Rapimnas #PartaiDemokrat #Banten #Demokratuntukrakyat #kabartangerang #infotangerang #DemokratPeduli #Demokratberisolusi #DemokratJayapic.twitter.com/nS8qtCxfxp",1
450,"DPR Minta TNI Periksa Kelaikan Alutsista lewat @arahkita
@tkurniawan_ #DPRRI #FraksiPAN",1
451,Live di beritasatu #lunchtalk regarding RUU penyiaran. #davelaksono #dprri #komisi1 #ampi… https://www.instagram.com/p/BgN9gHSFdDH/ ,1
452,Kompak dalam kebersamaan !! Ketua DPR-RI bersama Anggota Komisi III #dprri #senayan… https://www.instagram.com/p/BgN3ZyPFk70/ ,1
453,"Viva Yoga Muladi: DPR Sebaiknya Segera Laksanakan Uji Kelayakan dan Kepatutan  18 calon Komisioner KPPU http://fraksipan.com/viva-yoga-muladi-dpr-sebaiknya-segera-laksanakan-uji-kelayakan-dan-kepatutan-18-calon-komisioner-kppu/ …
#KPPU #usaha #DPRRI #FraksiPAN",1
454,PLAT NOMOR GANDA MOBIL PEJABAT. #mprri #dprri #dprd1 #dpdri #Ganjil-Genap https://lahataktual.com/plat-nomor-ganda-mobil-pejabat-lahat-jadi-perbincangan/#.WqXav5SQCBI.twitter …,0
455,BAGAIMANA DENGAN PLAT NOMOR GANDA MPR-RI/DPR-RI? #mprri #dprri #dprd1 #dpdri #ganjil-genap http://www.tribunnews.com/bisnis/2018/03/09/aturan-plat-nomor-ganjil-genap-mulai-berlaku-12-maret-ini-langkah-antisipasi-jasa-marga … lewat @tribunnews,0
456,Pemerintah Diminta Mengajukan RUU Perlindungan Data Pribadi #DPRRI http://jpnn.com/news/pemerintah-diminta-mengajukan-ruu-perlindungan-data-pribadi …,1
457,Edisi latihan menembak Ketua DPR-RI bersama Anggota Komisi III. #dprri #senayan #menembak  https://www.instagram.com/p/BgHoEnHlKTN/ ,1
458,DPR Angkat Bicara Terkait Tuduhan Media Malaysia pada Polri http://requisitoire-magazine.com/2018/03/09/dpr-angkat-bicara-terkait-tuduhan-media-malaysia-pada-polri/ … #dprri #angkatbicara #terkait #tuduhan #media #malaysia #polri,1
459,"Perempuan bukan hanya tentang apa yang mereka ungkapkan,
Perempuan lebih tentang apa yang mereka rasakan

International Women's Day
#internationalwomensday #2018 #HEW #anggota #dpr #dprri #FPDDPRRI #PartaiDemokrat #Demokratpeduli #DemokratBeriSolusi #DemokratS14P #DemokratMenangpic.twitter.com/7DiOdjiqQT",1
460,Ketua @DPR_RI Minta @IDFreeport @FM_FCX  Segera Selesaikan  Masalah  Ketenagakerjaan #ptfreportindonesia #stopketidakadilan #pelanggaranham #dprri #masalah #ketenagakerjaan #Papua #PapuaBarat #PapuaBicara #Grasberg #PHKsepihakRibuanPekerja #PapuaCerdas #WestPapua @PemprovPapuahttps://twitter.com/requisitoire/status/971630225929912321 …,1
461,Ketua DPR Minta Freeport Indonesia Segera Selesaikan  Masalah  Ketenagakerjaan http://requisitoire-magazine.com/2018/03/08/ketua-dpr-minta-freeport-indonesia-segera-selesaikan-masalah-ketenagakerjaan/ … #ptfreportindonesia #stopketidakadilan #pelanggaranham #dprri #masalah #ketenagakerjaan,1
462,"Lindungi UMKM dari Cengkeraman Usaha Besar

#DarmadiDurianto #DPR #DPRRI #PDIP #PDIPerjuangan… https://www.instagram.com/p/BgCiqN7FBUI/ ",1
463,DPR: Informasi Peluang Kerja di Luar Negeri Harus Digencarkan #DPRRI http://www.rmolkalbar.com/read/2018/03/07/1497/DPR:-Informasi-Peluang-Kerja-di-Luar-Negeri-Harus-Digencarkan- …,1
464,"Anna Latuconsina Mendengar Keluhan dan Keinginan RT se-Kelurahan Waihaong http://www.pamanawanews.com/news/advertorial/anna-latuconsina-mendengar-keluhan-dan-keinginan-rt-se-kelurahan-waihaong-850fc271/ …
#DPDRI #dprri",1
465,Secangkir kopi khas Indonesia menyertai aktivitas siang ini dan kemarin. #dprri #indonesia… https://www.instagram.com/p/Bf-IRk8lbBg/ ,1
466,Komisi XI DPR RI - BI Motivasi Mahasiswa Berwirausaha http://bit.ly/2oQtSkK   #beritabali #nusabali #DPRRI #KomisiXI #Wirausaha #Seminar http://dlvr.it/QJmcby pic.twitter.com/wk3B3zuPwL,1
467,"@hanafirais : Pemblokiran Kartu SIM, Hanafi: Jangan Sampai Warga Negara Jadi Korban Dua Kali
#blokirSIM #provider #FraksiPAN #DPRRI
http://bit.ly/2I6bLQU pic.twitter.com/w0LkEnWuDi",1
468,"Selamat Berakhir Pekan
Semangat Beraktifitas..
.
#SBY #AHY #HEW #anggota #dpr #dprri #FPDDPRRI #PartaiDemokrat #Demokratpeduli #DemokratBeriSolusi #DemokratS14P #DemokratMenang #infotangerang #SuaraDemokratSuaraRakyat #Bersamarakyat #komisiV #dapilbanten3 #infotangerangpic.twitter.com/tLt98e5RmZ",1
469,"Tak Semuanya Ujaran Kebencian, Ada yang Suarakan Kritik #DPRRI http://www.rmolkalbar.com/read/2018/03/02/1489/Tak-Semuanya-Ujaran-Kebencian,-Ada-yang-Suarakan-Kritik- …",1
470,"Komisi X Kaget Terima Laporan Ada Kekurangan Guru Di Sulut.

#Rayapos #Berita #BeritaViral #BeritaNasional #BeritaRegional #KomisiX #DPRRI #Guru #Manado #SulawesiUtara #Suluthttps://www.rayapos.com/komisi-x-kaget-terima-laporan-ada-kekurangan-guru-di-sulut/ …",0
471,"Anggota @dpr_ri dari Fraksi @PDI_Perjuangan bp @juliaribatubara melakukan kunjungan kerja dan menggelar pasar murah di kec Banyumanik Kota Semarang. Turut hadir Bpk Walikota.
.
 #Kunker #DPRRI #komisiVI #PDIPerjuangan #Juliaribatubara #EnomLanMumpunipic.twitter.com/bJ8pFd6XIL",1
472,PAN Minta PPP Ungkap Dalang Fenomena Orang Gila https://indopos.co.id/read/2018/02/23/128550/pan-minta-ppp-ungkap-dalang-fenomena-orang-gila … #indopos.co.id #Oranggila #Mulfachri #FraksiPAN #DPRRI,1
473,DPR Minta Ketua BNN Baru Gandeng TNI. #FadliZon #BNN #DPRRI #Jakarta http://bit.ly/2HSPqpG ,1
474,"KPPU Vakum, ICLA Minta DPR Bergerak Cepat.

https://kliklegal.com/kppu-vakum-icla-minta-dpr-bergerak-cepat/ …
#kliklegalnews #dpr #beritaViral #dprri #kppu",1
475,"Indira Chunda Thita Kunjungi Tiga Kecamatan di Kabupaten Gowa. http://fraksipan.com/indira-chunda-thita-kunjungi-tiga-kecamatan-di-kabupaten-gowa/ …
#Thita #Gowa #reses #DPRRI",1
476,"5. Dirinya juga meminta agar setiap anggota bisa memantau harga beras.  ”Setiap anggota DPR RI diminta untuk memantau harga beras, kalau harga  beras tinggi kemungkinan stok beras rendah, mudah mudahan stok di pasar  cukup,” ujarnya.

#AWP
#DPRRI
#PDIPerjuangan
#PilgubJateng2018",1
477,"1. Harga Beras Sempat Melambung, Ini yang Dilakukan Anggota DPR RI Agustina Wilujeng di Sragen.

#DPRRI
#PDIPerjuanganpic.twitter.com/hDZzio6rix",1
478,"Jabar Juara, Rindu Menang.
PPP Sepuluh (10)

#DPRRI
#JABARIV
#Jabarjuara
#PPPBergerak
#RinduMenang https://www.instagram.com/p/Bfw72UdBEzi/ ",1
479,"Sartono Hutomo Serap Aspirasi Masyarakat Ngawi dan Berupaya segera Merealisasikannya.

http://bit.ly/2F4wUsH 
#DPRRI #ResesDPR #SartonoHutomo @SartonoHutomo",1
480,"Komisi 6 DPR RI  mendorong Pemprov Kalbar mengoptimalisasi letaknya yg strategis tsb sbg salah satu pendorong utama meningkatnya investasi dan perdagangan di Kalbar

#Kunker #KomisiVI #DPRRI pic.twitter.com/Ay4wFOVINh",1
481,Menerima kunjungan kehormatan ketua senat Kazakstan. #davelaksono #dprri #golkar #jakarta… https://www.instagram.com/p/BgQ2Dvyl3PR/ ,1
482,"Keceriaan #Rapimnas Partai #Demokrat yang penuh kebersamaan

Demokrat S14P..!!
.#SBY #AHY #HEW #hartantoedhiewibowo #dpr #dprri #fpddprri #Rapimnas #PartaiDemokrat #Banten #Demokratuntukrakyat #kabartangerang #infotangerang #DemokratPeduli #Demokratberisolusi #DemokratJayapic.twitter.com/nS8qtCxfxp",1
483,Kompak dalam kebersamaan !! Ketua DPR-RI bersama Anggota Komisi III #dprri #senayan… https://www.instagram.com/p/BgN3ZyPFk70/ ,1
484,"Viva Yoga Muladi: DPR Sebaiknya Segera Laksanakan Uji Kelayakan dan Kepatutan  18 calon Komisioner KPPU http://fraksipan.com/viva-yoga-muladi-dpr-sebaiknya-segera-laksanakan-uji-kelayakan-dan-kepatutan-18-calon-komisioner-kppu/ …
#KPPU #usaha #DPRRI #FraksiPAN",1
485,Ketua DPR Minta Freeport Indonesia Segera Selesaikan  Masalah  Ketenagakerjaan http://requisitoire-magazine.com/2018/03/08/ketua-dpr-minta-freeport-indonesia-segera-selesaikan-masalah-ketenagakerjaan/ … #ptfreportindonesia #stopketidakadilan #pelanggaranham #dprri #masalah #ketenagakerjaan,1
486,Golkar Usung Sudikerta ke Senayan http://bit.ly/2KGCM1v  #Golkar #nusabali #berita #Pileg2019 #Sudikerta #CalegBali #DPRRI,1
487,"Andai aku jadi anggota #DPRRI yang terhormat hidupku akan senang 
Uang pajak dari rakyat ku buat beli kuota biar bisa twitter an nyinyirin netizen yang tak sepaham denganku, nyinyirin pemerintah itu wajib",0
488,"PENDAFTARA & VERIFIKASI CALON ANGGOTA DPRD KOTA, PROVINSI dan DPR RI PEMILU 2019.

@kpukotabanjar
#kpukotabanjar #kpujabar #kpu #kpuri #bacaleg #DPRDKOTABANJAR #DPRDPROVINSIJABAR #dprri #pileg219 #pilpres2019 #pemilu2019
#jawabarat #priangantimur #banjar #bandung #tabloidruberpic.twitter.com/Ny7my2GrEV",1
489,"Doa dan dukungan dari rachel maryam. Mantan artis yang kini brrhijab dan jd anggota DPR RI dari Partai Gerindra. 

Ayo dukung #andrerosiade dari #partaigerindra dapil #sumbar satu utk jadi anggota #dprri https://www.facebook.com/AndreRosiade/videos/1991194210912445/ …",1
490,"Pertama Digelar, Endang DPRRI Membuka Kejuaraan Sepak Bola LPU 12 http://sieradmu.com/pertama-digelar-endang-dprri-membuka-kejuaraan-sepak-bola-lpu-12/ … lewat @sieradMU #dprri @DPRRI_INFO #NEWS #Klaten",1
491,"“Melaporkan kecurangan terhadap kotak kosong yg dilakukan oleh PPK utk menangkan paslon No.1”
#bawaslu #PilkadaSerentak2018 #kpuRI #mahfudmd #JokowiSekaliLagi #dprri #polri #reflyharun #pilwalimakassarpic.twitter.com/7Q3ED33uvm",0
492,"Ahmad Zacky Siradj Kunjungi UMKM Produk Rajut di Garut

https://www.ruber.id/berita-ahmad-zacky-siradj-kunjungi-pelaku-umkm-produk-rajut-di-garut.html …
#dprri #dpr #reses #kunker #cigedug #garut #umkm #perajinrajut #news #ruber https://www.ruber.id/berita-ahmad-zacky-siradj-kunjungi-pelaku-umkm-produk-rajut-di-garut.html …",1
493,"Silaturahim dengan alumni pesantren.

“Marwan Dasopang”
Wakil ketua komisi 8 DPR RI
Fraksi PKB
Dapil Sumut II

#cakimin
#pkb
#dprri
#fraksipkb
#1PKB
#kemenag
#kemensos
#bnpb https://www.instagram.com/p/BkjiNYhHsc-/?utm_source=ig_twitter_share&igshid=1rjgorg5jrnu6 …",1
494,Demokrat Andalkan Tiga Ujung Tombak http://bit.ly/2LmHm5f  Perebutan Kursi DPR RI Dapil Bali #Demokrat #DPRRI #CalegBali #Pileg2019 #nusabali #berita,1
495,"Anggota DPR-RI Komisi VI Fraksi Pdi Perjuangan Bpk #DarmadiDurianto Mengucapakan Turut berduka cita atas meninggalnya Bpk.Tan Kiem Hoa Papa tercinta dari Pdt.Samuel Tan.

#RIP #DarmadiDurianto #DPRRI #PDIPerjuangan #WakilRakyat #SahabatRakyat #JakbarJakutKepSeribupic.twitter.com/9YvDwBt5ih",1
496,"Teduh tentram dan damai jalinan silaturahmi yang kokoh diantara putra-putra terbaik bangsa.
.
#DemokratS14P2019 #PartaiDemokrat #SartonoDulurDhewe #DPRRI #Pacitan #Ponorogo #Trenggalek… https://www.instagram.com/p/BlZR_tVgMpK/?utm_source=ig_twitter_share&igshid=zg2joifieth2 …",1
497,"Loyalitas kepada Partai berakhir ketika loyalitas kepada negara bermula.

#negarawansejati #pileg2019 #Pilpres2019 #presidensialtreshold #kpuri #dprri #mprri #gerakanperubahan",1
498,Hari Keadilan Internasional (International Justice Day) hari bersejarah yang diperingati setiap tahun pada tanggal 17 Juli sejak tahun 2011. #taufiqgunawansyah #caleg #dprri #sumedang #majalengka #subangpic.twitter.com/uLixkq8H7g,1
499,"Rapat Kerja Banggar DPR RI dengan Menteri Keuangan dan Gubernur BI, pembahasan RUU tentang pertanggungjawaban atas pelaksanaan APBN TA 2017

17/0718
#raker #banggar #DPRRI #untukrakyat #DemokratPedulidanBeriSolusi #HEW #hartantoedhiewibowo #PartaiDemokrat #BersamaRakyatpic.twitter.com/4R5Yz3qhh5",1
500,"Anggota DPR RI Darmadi durianto komisi VI fraksi PDI Perjuangan,metal mega total,metal merah total,metal menang total no 3,penang malaysia tgl 17 juli 2018.                               #DPRRI #darmadiduriantopic.twitter.com/dBPCOjjDMQ",1
